barcode,array_col,array_row
AACCTGCGATAAGGAG-1,1,1
AACCTGCGCGAACGCC-1,1,2
AACCTGCGGGCTGAGC-1,1,3
AACCTGCGCCGATTCC-1,1,4
AACCTGCGACCGCCAA-1,1,5
AACCTGCGCCAGTTCC-1,1,6
AACCTGCGACTTAACC-1,1,7
AACCTGCGCAACCGCT-1,1,8
AACCTGCGGACCTTGA-1,1,9
AACCTGCGTAGAGTAA-1,1,10
AACCTGCGGCAGGTCC-1,1,11
AACCTGCGTCGGCCTT-1,1,12
AACCTGCGAGAACGTC-1,1,13
AACCTGCGCTTGCGCC-1,1,14
AACCTGCGGGTACTGC-1,1,15
AACCTGCGTAGAATTA-1,1,16
AACCTGCGGCCATTCT-1,1,17
AACCTGCGTTGACTTC-1,1,18
AACCTGCGAGAGCTAT-1,1,19
AACCTGCGCTAAGAGA-1,1,20
AACCTGCGACTCAATA-1,1,21
AACCTGCGTCCTACCA-1,1,22
AACCTGCGGCGTTGGA-1,1,23
AACCTGCGGATCTTAC-1,1,24
AACCTGCGCTGATGGT-1,1,25
AACCTGCGCCGAGAAT-1,1,26
AACCTGCGGCCGCAAC-1,1,27
AACCTGCGTGAGTCTG-1,1,28
AACCTGCGTGCGGACC-1,1,29
AACCTGCGACGGAGGC-1,1,30
AACCTGCGTAGATCTA-1,1,31
AACCTGCGAATTAAGA-1,1,32
AACCTGCGTTATTCAT-1,1,33
AACCTGCGTGCCGGCA-1,1,34
AACCTGCGTTACCGAG-1,1,35
AACCTGCGATCATATT-1,1,36
AACCTGCGTGGTCAGC-1,1,37
AACCTGCGACTATGCA-1,1,38
AACCTGCGCGACGCGA-1,1,39
AACCTGCGGATACGGA-1,1,40
AACCTGCGTTATCCGG-1,1,41
AACCTGCGTCTGATAC-1,1,42
AACCTGCGGAAGATCG-1,1,43
AACCTGCGAAGAAGCT-1,1,44
AACCTGCGTCCGGCCT-1,1,45
AACCTGCGAGAGAAGG-1,1,46
AACCTGCGCATACTCC-1,1,47
AACCTGCGGCTAACTT-1,1,48
AACCTGCGGGTATGCT-1,1,49
AACCTGCGAACCTGCG-1,1,50
GGTATGCTATAAGGAG-1,2,1
GGTATGCTCGAACGCC-1,2,2
GGTATGCTGGCTGAGC-1,2,3
GGTATGCTCCGATTCC-1,2,4
GGTATGCTACCGCCAA-1,2,5
GGTATGCTCCAGTTCC-1,2,6
GGTATGCTACTTAACC-1,2,7
GGTATGCTCAACCGCT-1,2,8
GGTATGCTGACCTTGA-1,2,9
GGTATGCTTAGAGTAA-1,2,10
GGTATGCTGCAGGTCC-1,2,11
GGTATGCTTCGGCCTT-1,2,12
GGTATGCTAGAACGTC-1,2,13
GGTATGCTCTTGCGCC-1,2,14
GGTATGCTGGTACTGC-1,2,15
GGTATGCTTAGAATTA-1,2,16
GGTATGCTGCCATTCT-1,2,17
GGTATGCTTTGACTTC-1,2,18
GGTATGCTAGAGCTAT-1,2,19
GGTATGCTCTAAGAGA-1,2,20
GGTATGCTACTCAATA-1,2,21
GGTATGCTTCCTACCA-1,2,22
GGTATGCTGCGTTGGA-1,2,23
GGTATGCTGATCTTAC-1,2,24
GGTATGCTCTGATGGT-1,2,25
GGTATGCTCCGAGAAT-1,2,26
GGTATGCTGCCGCAAC-1,2,27
GGTATGCTTGAGTCTG-1,2,28
GGTATGCTTGCGGACC-1,2,29
GGTATGCTACGGAGGC-1,2,30
GGTATGCTTAGATCTA-1,2,31
GGTATGCTAATTAAGA-1,2,32
GGTATGCTTTATTCAT-1,2,33
GGTATGCTTGCCGGCA-1,2,34
GGTATGCTTTACCGAG-1,2,35
GGTATGCTATCATATT-1,2,36
GGTATGCTTGGTCAGC-1,2,37
GGTATGCTACTATGCA-1,2,38
GGTATGCTCGACGCGA-1,2,39
GGTATGCTGATACGGA-1,2,40
GGTATGCTTTATCCGG-1,2,41
GGTATGCTTCTGATAC-1,2,42
GGTATGCTGAAGATCG-1,2,43
GGTATGCTAAGAAGCT-1,2,44
GGTATGCTTCCGGCCT-1,2,45
GGTATGCTAGAGAAGG-1,2,46
GGTATGCTCATACTCC-1,2,47
GGTATGCTGCTAACTT-1,2,48
GGTATGCTGGTATGCT-1,2,49
GGTATGCTAACCTGCG-1,2,50
GCTAACTTATAAGGAG-1,3,1
GCTAACTTCGAACGCC-1,3,2
GCTAACTTGGCTGAGC-1,3,3
GCTAACTTCCGATTCC-1,3,4
GCTAACTTACCGCCAA-1,3,5
GCTAACTTCCAGTTCC-1,3,6
GCTAACTTACTTAACC-1,3,7
GCTAACTTCAACCGCT-1,3,8
GCTAACTTGACCTTGA-1,3,9
GCTAACTTTAGAGTAA-1,3,10
GCTAACTTGCAGGTCC-1,3,11
GCTAACTTTCGGCCTT-1,3,12
GCTAACTTAGAACGTC-1,3,13
GCTAACTTCTTGCGCC-1,3,14
GCTAACTTGGTACTGC-1,3,15
GCTAACTTTAGAATTA-1,3,16
GCTAACTTGCCATTCT-1,3,17
GCTAACTTTTGACTTC-1,3,18
GCTAACTTAGAGCTAT-1,3,19
GCTAACTTCTAAGAGA-1,3,20
GCTAACTTACTCAATA-1,3,21
GCTAACTTTCCTACCA-1,3,22
GCTAACTTGCGTTGGA-1,3,23
GCTAACTTGATCTTAC-1,3,24
GCTAACTTCTGATGGT-1,3,25
GCTAACTTCCGAGAAT-1,3,26
GCTAACTTGCCGCAAC-1,3,27
GCTAACTTTGAGTCTG-1,3,28
GCTAACTTTGCGGACC-1,3,29
GCTAACTTACGGAGGC-1,3,30
GCTAACTTTAGATCTA-1,3,31
GCTAACTTAATTAAGA-1,3,32
GCTAACTTTTATTCAT-1,3,33
GCTAACTTTGCCGGCA-1,3,34
GCTAACTTTTACCGAG-1,3,35
GCTAACTTATCATATT-1,3,36
GCTAACTTTGGTCAGC-1,3,37
GCTAACTTACTATGCA-1,3,38
GCTAACTTCGACGCGA-1,3,39
GCTAACTTGATACGGA-1,3,40
GCTAACTTTTATCCGG-1,3,41
GCTAACTTTCTGATAC-1,3,42
GCTAACTTGAAGATCG-1,3,43
GCTAACTTAAGAAGCT-1,3,44
GCTAACTTTCCGGCCT-1,3,45
GCTAACTTAGAGAAGG-1,3,46
GCTAACTTCATACTCC-1,3,47
GCTAACTTGCTAACTT-1,3,48
GCTAACTTGGTATGCT-1,3,49
GCTAACTTAACCTGCG-1,3,50
CATACTCCATAAGGAG-1,4,1
CATACTCCCGAACGCC-1,4,2
CATACTCCGGCTGAGC-1,4,3
CATACTCCCCGATTCC-1,4,4
CATACTCCACCGCCAA-1,4,5
CATACTCCCCAGTTCC-1,4,6
CATACTCCACTTAACC-1,4,7
CATACTCCCAACCGCT-1,4,8
CATACTCCGACCTTGA-1,4,9
CATACTCCTAGAGTAA-1,4,10
CATACTCCGCAGGTCC-1,4,11
CATACTCCTCGGCCTT-1,4,12
CATACTCCAGAACGTC-1,4,13
CATACTCCCTTGCGCC-1,4,14
CATACTCCGGTACTGC-1,4,15
CATACTCCTAGAATTA-1,4,16
CATACTCCGCCATTCT-1,4,17
CATACTCCTTGACTTC-1,4,18
CATACTCCAGAGCTAT-1,4,19
CATACTCCCTAAGAGA-1,4,20
CATACTCCACTCAATA-1,4,21
CATACTCCTCCTACCA-1,4,22
CATACTCCGCGTTGGA-1,4,23
CATACTCCGATCTTAC-1,4,24
CATACTCCCTGATGGT-1,4,25
CATACTCCCCGAGAAT-1,4,26
CATACTCCGCCGCAAC-1,4,27
CATACTCCTGAGTCTG-1,4,28
CATACTCCTGCGGACC-1,4,29
CATACTCCACGGAGGC-1,4,30
CATACTCCTAGATCTA-1,4,31
CATACTCCAATTAAGA-1,4,32
CATACTCCTTATTCAT-1,4,33
CATACTCCTGCCGGCA-1,4,34
CATACTCCTTACCGAG-1,4,35
CATACTCCATCATATT-1,4,36
CATACTCCTGGTCAGC-1,4,37
CATACTCCACTATGCA-1,4,38
CATACTCCCGACGCGA-1,4,39
CATACTCCGATACGGA-1,4,40
CATACTCCTTATCCGG-1,4,41
CATACTCCTCTGATAC-1,4,42
CATACTCCGAAGATCG-1,4,43
CATACTCCAAGAAGCT-1,4,44
CATACTCCTCCGGCCT-1,4,45
CATACTCCAGAGAAGG-1,4,46
CATACTCCCATACTCC-1,4,47
CATACTCCGCTAACTT-1,4,48
CATACTCCGGTATGCT-1,4,49
CATACTCCAACCTGCG-1,4,50
AGAGAAGGATAAGGAG-1,5,1
AGAGAAGGCGAACGCC-1,5,2
AGAGAAGGGGCTGAGC-1,5,3
AGAGAAGGCCGATTCC-1,5,4
AGAGAAGGACCGCCAA-1,5,5
AGAGAAGGCCAGTTCC-1,5,6
AGAGAAGGACTTAACC-1,5,7
AGAGAAGGCAACCGCT-1,5,8
AGAGAAGGGACCTTGA-1,5,9
AGAGAAGGTAGAGTAA-1,5,10
AGAGAAGGGCAGGTCC-1,5,11
AGAGAAGGTCGGCCTT-1,5,12
AGAGAAGGAGAACGTC-1,5,13
AGAGAAGGCTTGCGCC-1,5,14
AGAGAAGGGGTACTGC-1,5,15
AGAGAAGGTAGAATTA-1,5,16
AGAGAAGGGCCATTCT-1,5,17
AGAGAAGGTTGACTTC-1,5,18
AGAGAAGGAGAGCTAT-1,5,19
AGAGAAGGCTAAGAGA-1,5,20
AGAGAAGGACTCAATA-1,5,21
AGAGAAGGTCCTACCA-1,5,22
AGAGAAGGGCGTTGGA-1,5,23
AGAGAAGGGATCTTAC-1,5,24
AGAGAAGGCTGATGGT-1,5,25
AGAGAAGGCCGAGAAT-1,5,26
AGAGAAGGGCCGCAAC-1,5,27
AGAGAAGGTGAGTCTG-1,5,28
AGAGAAGGTGCGGACC-1,5,29
AGAGAAGGACGGAGGC-1,5,30
AGAGAAGGTAGATCTA-1,5,31
AGAGAAGGAATTAAGA-1,5,32
AGAGAAGGTTATTCAT-1,5,33
AGAGAAGGTGCCGGCA-1,5,34
AGAGAAGGTTACCGAG-1,5,35
AGAGAAGGATCATATT-1,5,36
AGAGAAGGTGGTCAGC-1,5,37
AGAGAAGGACTATGCA-1,5,38
AGAGAAGGCGACGCGA-1,5,39
AGAGAAGGGATACGGA-1,5,40
AGAGAAGGTTATCCGG-1,5,41
AGAGAAGGTCTGATAC-1,5,42
AGAGAAGGGAAGATCG-1,5,43
AGAGAAGGAAGAAGCT-1,5,44
AGAGAAGGTCCGGCCT-1,5,45
AGAGAAGGAGAGAAGG-1,5,46
AGAGAAGGCATACTCC-1,5,47
AGAGAAGGGCTAACTT-1,5,48
AGAGAAGGGGTATGCT-1,5,49
AGAGAAGGAACCTGCG-1,5,50
TCCGGCCTATAAGGAG-1,6,1
TCCGGCCTCGAACGCC-1,6,2
TCCGGCCTGGCTGAGC-1,6,3
TCCGGCCTCCGATTCC-1,6,4
TCCGGCCTACCGCCAA-1,6,5
TCCGGCCTCCAGTTCC-1,6,6
TCCGGCCTACTTAACC-1,6,7
TCCGGCCTCAACCGCT-1,6,8
TCCGGCCTGACCTTGA-1,6,9
TCCGGCCTTAGAGTAA-1,6,10
TCCGGCCTGCAGGTCC-1,6,11
TCCGGCCTTCGGCCTT-1,6,12
TCCGGCCTAGAACGTC-1,6,13
TCCGGCCTCTTGCGCC-1,6,14
TCCGGCCTGGTACTGC-1,6,15
TCCGGCCTTAGAATTA-1,6,16
TCCGGCCTGCCATTCT-1,6,17
TCCGGCCTTTGACTTC-1,6,18
TCCGGCCTAGAGCTAT-1,6,19
TCCGGCCTCTAAGAGA-1,6,20
TCCGGCCTACTCAATA-1,6,21
TCCGGCCTTCCTACCA-1,6,22
TCCGGCCTGCGTTGGA-1,6,23
TCCGGCCTGATCTTAC-1,6,24
TCCGGCCTCTGATGGT-1,6,25
TCCGGCCTCCGAGAAT-1,6,26
TCCGGCCTGCCGCAAC-1,6,27
TCCGGCCTTGAGTCTG-1,6,28
TCCGGCCTTGCGGACC-1,6,29
TCCGGCCTACGGAGGC-1,6,30
TCCGGCCTTAGATCTA-1,6,31
TCCGGCCTAATTAAGA-1,6,32
TCCGGCCTTTATTCAT-1,6,33
TCCGGCCTTGCCGGCA-1,6,34
TCCGGCCTTTACCGAG-1,6,35
TCCGGCCTATCATATT-1,6,36
TCCGGCCTTGGTCAGC-1,6,37
TCCGGCCTACTATGCA-1,6,38
TCCGGCCTCGACGCGA-1,6,39
TCCGGCCTGATACGGA-1,6,40
TCCGGCCTTTATCCGG-1,6,41
TCCGGCCTTCTGATAC-1,6,42
TCCGGCCTGAAGATCG-1,6,43
TCCGGCCTAAGAAGCT-1,6,44
TCCGGCCTTCCGGCCT-1,6,45
TCCGGCCTAGAGAAGG-1,6,46
TCCGGCCTCATACTCC-1,6,47
TCCGGCCTGCTAACTT-1,6,48
TCCGGCCTGGTATGCT-1,6,49
TCCGGCCTAACCTGCG-1,6,50
AAGAAGCTATAAGGAG-1,7,1
AAGAAGCTCGAACGCC-1,7,2
AAGAAGCTGGCTGAGC-1,7,3
AAGAAGCTCCGATTCC-1,7,4
AAGAAGCTACCGCCAA-1,7,5
AAGAAGCTCCAGTTCC-1,7,6
AAGAAGCTACTTAACC-1,7,7
AAGAAGCTCAACCGCT-1,7,8
AAGAAGCTGACCTTGA-1,7,9
AAGAAGCTTAGAGTAA-1,7,10
AAGAAGCTGCAGGTCC-1,7,11
AAGAAGCTTCGGCCTT-1,7,12
AAGAAGCTAGAACGTC-1,7,13
AAGAAGCTCTTGCGCC-1,7,14
AAGAAGCTGGTACTGC-1,7,15
AAGAAGCTTAGAATTA-1,7,16
AAGAAGCTGCCATTCT-1,7,17
AAGAAGCTTTGACTTC-1,7,18
AAGAAGCTAGAGCTAT-1,7,19
AAGAAGCTCTAAGAGA-1,7,20
AAGAAGCTACTCAATA-1,7,21
AAGAAGCTTCCTACCA-1,7,22
AAGAAGCTGCGTTGGA-1,7,23
AAGAAGCTGATCTTAC-1,7,24
AAGAAGCTCTGATGGT-1,7,25
AAGAAGCTCCGAGAAT-1,7,26
AAGAAGCTGCCGCAAC-1,7,27
AAGAAGCTTGAGTCTG-1,7,28
AAGAAGCTTGCGGACC-1,7,29
AAGAAGCTACGGAGGC-1,7,30
AAGAAGCTTAGATCTA-1,7,31
AAGAAGCTAATTAAGA-1,7,32
AAGAAGCTTTATTCAT-1,7,33
AAGAAGCTTGCCGGCA-1,7,34
AAGAAGCTTTACCGAG-1,7,35
AAGAAGCTATCATATT-1,7,36
AAGAAGCTTGGTCAGC-1,7,37
AAGAAGCTACTATGCA-1,7,38
AAGAAGCTCGACGCGA-1,7,39
AAGAAGCTGATACGGA-1,7,40
AAGAAGCTTTATCCGG-1,7,41
AAGAAGCTTCTGATAC-1,7,42
AAGAAGCTGAAGATCG-1,7,43
AAGAAGCTAAGAAGCT-1,7,44
AAGAAGCTTCCGGCCT-1,7,45
AAGAAGCTAGAGAAGG-1,7,46
AAGAAGCTCATACTCC-1,7,47
AAGAAGCTGCTAACTT-1,7,48
AAGAAGCTGGTATGCT-1,7,49
AAGAAGCTAACCTGCG-1,7,50
GAAGATCGATAAGGAG-1,8,1
GAAGATCGCGAACGCC-1,8,2
GAAGATCGGGCTGAGC-1,8,3
GAAGATCGCCGATTCC-1,8,4
GAAGATCGACCGCCAA-1,8,5
GAAGATCGCCAGTTCC-1,8,6
GAAGATCGACTTAACC-1,8,7
GAAGATCGCAACCGCT-1,8,8
GAAGATCGGACCTTGA-1,8,9
GAAGATCGTAGAGTAA-1,8,10
GAAGATCGGCAGGTCC-1,8,11
GAAGATCGTCGGCCTT-1,8,12
GAAGATCGAGAACGTC-1,8,13
GAAGATCGCTTGCGCC-1,8,14
GAAGATCGGGTACTGC-1,8,15
GAAGATCGTAGAATTA-1,8,16
GAAGATCGGCCATTCT-1,8,17
GAAGATCGTTGACTTC-1,8,18
GAAGATCGAGAGCTAT-1,8,19
GAAGATCGCTAAGAGA-1,8,20
GAAGATCGACTCAATA-1,8,21
GAAGATCGTCCTACCA-1,8,22
GAAGATCGGCGTTGGA-1,8,23
GAAGATCGGATCTTAC-1,8,24
GAAGATCGCTGATGGT-1,8,25
GAAGATCGCCGAGAAT-1,8,26
GAAGATCGGCCGCAAC-1,8,27
GAAGATCGTGAGTCTG-1,8,28
GAAGATCGTGCGGACC-1,8,29
GAAGATCGACGGAGGC-1,8,30
GAAGATCGTAGATCTA-1,8,31
GAAGATCGAATTAAGA-1,8,32
GAAGATCGTTATTCAT-1,8,33
GAAGATCGTGCCGGCA-1,8,34
GAAGATCGTTACCGAG-1,8,35
GAAGATCGATCATATT-1,8,36
GAAGATCGTGGTCAGC-1,8,37
GAAGATCGACTATGCA-1,8,38
GAAGATCGCGACGCGA-1,8,39
GAAGATCGGATACGGA-1,8,40
GAAGATCGTTATCCGG-1,8,41
GAAGATCGTCTGATAC-1,8,42
GAAGATCGGAAGATCG-1,8,43
GAAGATCGAAGAAGCT-1,8,44
GAAGATCGTCCGGCCT-1,8,45
GAAGATCGAGAGAAGG-1,8,46
GAAGATCGCATACTCC-1,8,47
GAAGATCGGCTAACTT-1,8,48
GAAGATCGGGTATGCT-1,8,49
GAAGATCGAACCTGCG-1,8,50
TCTGATACATAAGGAG-1,9,1
TCTGATACCGAACGCC-1,9,2
TCTGATACGGCTGAGC-1,9,3
TCTGATACCCGATTCC-1,9,4
TCTGATACACCGCCAA-1,9,5
TCTGATACCCAGTTCC-1,9,6
TCTGATACACTTAACC-1,9,7
TCTGATACCAACCGCT-1,9,8
TCTGATACGACCTTGA-1,9,9
TCTGATACTAGAGTAA-1,9,10
TCTGATACGCAGGTCC-1,9,11
TCTGATACTCGGCCTT-1,9,12
TCTGATACAGAACGTC-1,9,13
TCTGATACCTTGCGCC-1,9,14
TCTGATACGGTACTGC-1,9,15
TCTGATACTAGAATTA-1,9,16
TCTGATACGCCATTCT-1,9,17
TCTGATACTTGACTTC-1,9,18
TCTGATACAGAGCTAT-1,9,19
TCTGATACCTAAGAGA-1,9,20
TCTGATACACTCAATA-1,9,21
TCTGATACTCCTACCA-1,9,22
TCTGATACGCGTTGGA-1,9,23
TCTGATACGATCTTAC-1,9,24
TCTGATACCTGATGGT-1,9,25
TCTGATACCCGAGAAT-1,9,26
TCTGATACGCCGCAAC-1,9,27
TCTGATACTGAGTCTG-1,9,28
TCTGATACTGCGGACC-1,9,29
TCTGATACACGGAGGC-1,9,30
TCTGATACTAGATCTA-1,9,31
TCTGATACAATTAAGA-1,9,32
TCTGATACTTATTCAT-1,9,33
TCTGATACTGCCGGCA-1,9,34
TCTGATACTTACCGAG-1,9,35
TCTGATACATCATATT-1,9,36
TCTGATACTGGTCAGC-1,9,37
TCTGATACACTATGCA-1,9,38
TCTGATACCGACGCGA-1,9,39
TCTGATACGATACGGA-1,9,40
TCTGATACTTATCCGG-1,9,41
TCTGATACTCTGATAC-1,9,42
TCTGATACGAAGATCG-1,9,43
TCTGATACAAGAAGCT-1,9,44
TCTGATACTCCGGCCT-1,9,45
TCTGATACAGAGAAGG-1,9,46
TCTGATACCATACTCC-1,9,47
TCTGATACGCTAACTT-1,9,48
TCTGATACGGTATGCT-1,9,49
TCTGATACAACCTGCG-1,9,50
TTATCCGGATAAGGAG-1,10,1
TTATCCGGCGAACGCC-1,10,2
TTATCCGGGGCTGAGC-1,10,3
TTATCCGGCCGATTCC-1,10,4
TTATCCGGACCGCCAA-1,10,5
TTATCCGGCCAGTTCC-1,10,6
TTATCCGGACTTAACC-1,10,7
TTATCCGGCAACCGCT-1,10,8
TTATCCGGGACCTTGA-1,10,9
TTATCCGGTAGAGTAA-1,10,10
TTATCCGGGCAGGTCC-1,10,11
TTATCCGGTCGGCCTT-1,10,12
TTATCCGGAGAACGTC-1,10,13
TTATCCGGCTTGCGCC-1,10,14
TTATCCGGGGTACTGC-1,10,15
TTATCCGGTAGAATTA-1,10,16
TTATCCGGGCCATTCT-1,10,17
TTATCCGGTTGACTTC-1,10,18
TTATCCGGAGAGCTAT-1,10,19
TTATCCGGCTAAGAGA-1,10,20
TTATCCGGACTCAATA-1,10,21
TTATCCGGTCCTACCA-1,10,22
TTATCCGGGCGTTGGA-1,10,23
TTATCCGGGATCTTAC-1,10,24
TTATCCGGCTGATGGT-1,10,25
TTATCCGGCCGAGAAT-1,10,26
TTATCCGGGCCGCAAC-1,10,27
TTATCCGGTGAGTCTG-1,10,28
TTATCCGGTGCGGACC-1,10,29
TTATCCGGACGGAGGC-1,10,30
TTATCCGGTAGATCTA-1,10,31
TTATCCGGAATTAAGA-1,10,32
TTATCCGGTTATTCAT-1,10,33
TTATCCGGTGCCGGCA-1,10,34
TTATCCGGTTACCGAG-1,10,35
TTATCCGGATCATATT-1,10,36
TTATCCGGTGGTCAGC-1,10,37
TTATCCGGACTATGCA-1,10,38
TTATCCGGCGACGCGA-1,10,39
TTATCCGGGATACGGA-1,10,40
TTATCCGGTTATCCGG-1,10,41
TTATCCGGTCTGATAC-1,10,42
TTATCCGGGAAGATCG-1,10,43
TTATCCGGAAGAAGCT-1,10,44
TTATCCGGTCCGGCCT-1,10,45
TTATCCGGAGAGAAGG-1,10,46
TTATCCGGCATACTCC-1,10,47
TTATCCGGGCTAACTT-1,10,48
TTATCCGGGGTATGCT-1,10,49
TTATCCGGAACCTGCG-1,10,50
GATACGGAATAAGGAG-1,11,1
GATACGGACGAACGCC-1,11,2
GATACGGAGGCTGAGC-1,11,3
GATACGGACCGATTCC-1,11,4
GATACGGAACCGCCAA-1,11,5
GATACGGACCAGTTCC-1,11,6
GATACGGAACTTAACC-1,11,7
GATACGGACAACCGCT-1,11,8
GATACGGAGACCTTGA-1,11,9
GATACGGATAGAGTAA-1,11,10
GATACGGAGCAGGTCC-1,11,11
GATACGGATCGGCCTT-1,11,12
GATACGGAAGAACGTC-1,11,13
GATACGGACTTGCGCC-1,11,14
GATACGGAGGTACTGC-1,11,15
GATACGGATAGAATTA-1,11,16
GATACGGAGCCATTCT-1,11,17
GATACGGATTGACTTC-1,11,18
GATACGGAAGAGCTAT-1,11,19
GATACGGACTAAGAGA-1,11,20
GATACGGAACTCAATA-1,11,21
GATACGGATCCTACCA-1,11,22
GATACGGAGCGTTGGA-1,11,23
GATACGGAGATCTTAC-1,11,24
GATACGGACTGATGGT-1,11,25
GATACGGACCGAGAAT-1,11,26
GATACGGAGCCGCAAC-1,11,27
GATACGGATGAGTCTG-1,11,28
GATACGGATGCGGACC-1,11,29
GATACGGAACGGAGGC-1,11,30
GATACGGATAGATCTA-1,11,31
GATACGGAAATTAAGA-1,11,32
GATACGGATTATTCAT-1,11,33
GATACGGATGCCGGCA-1,11,34
GATACGGATTACCGAG-1,11,35
GATACGGAATCATATT-1,11,36
GATACGGATGGTCAGC-1,11,37
GATACGGAACTATGCA-1,11,38
GATACGGACGACGCGA-1,11,39
GATACGGAGATACGGA-1,11,40
GATACGGATTATCCGG-1,11,41
GATACGGATCTGATAC-1,11,42
GATACGGAGAAGATCG-1,11,43
GATACGGAAAGAAGCT-1,11,44
GATACGGATCCGGCCT-1,11,45
GATACGGAAGAGAAGG-1,11,46
GATACGGACATACTCC-1,11,47
GATACGGAGCTAACTT-1,11,48
GATACGGAGGTATGCT-1,11,49
GATACGGAAACCTGCG-1,11,50
CGACGCGAATAAGGAG-1,12,1
CGACGCGACGAACGCC-1,12,2
CGACGCGAGGCTGAGC-1,12,3
CGACGCGACCGATTCC-1,12,4
CGACGCGAACCGCCAA-1,12,5
CGACGCGACCAGTTCC-1,12,6
CGACGCGAACTTAACC-1,12,7
CGACGCGACAACCGCT-1,12,8
CGACGCGAGACCTTGA-1,12,9
CGACGCGATAGAGTAA-1,12,10
CGACGCGAGCAGGTCC-1,12,11
CGACGCGATCGGCCTT-1,12,12
CGACGCGAAGAACGTC-1,12,13
CGACGCGACTTGCGCC-1,12,14
CGACGCGAGGTACTGC-1,12,15
CGACGCGATAGAATTA-1,12,16
CGACGCGAGCCATTCT-1,12,17
CGACGCGATTGACTTC-1,12,18
CGACGCGAAGAGCTAT-1,12,19
CGACGCGACTAAGAGA-1,12,20
CGACGCGAACTCAATA-1,12,21
CGACGCGATCCTACCA-1,12,22
CGACGCGAGCGTTGGA-1,12,23
CGACGCGAGATCTTAC-1,12,24
CGACGCGACTGATGGT-1,12,25
CGACGCGACCGAGAAT-1,12,26
CGACGCGAGCCGCAAC-1,12,27
CGACGCGATGAGTCTG-1,12,28
CGACGCGATGCGGACC-1,12,29
CGACGCGAACGGAGGC-1,12,30
CGACGCGATAGATCTA-1,12,31
CGACGCGAAATTAAGA-1,12,32
CGACGCGATTATTCAT-1,12,33
CGACGCGATGCCGGCA-1,12,34
CGACGCGATTACCGAG-1,12,35
CGACGCGAATCATATT-1,12,36
CGACGCGATGGTCAGC-1,12,37
CGACGCGAACTATGCA-1,12,38
CGACGCGACGACGCGA-1,12,39
CGACGCGAGATACGGA-1,12,40
CGACGCGATTATCCGG-1,12,41
CGACGCGATCTGATAC-1,12,42
CGACGCGAGAAGATCG-1,12,43
CGACGCGAAAGAAGCT-1,12,44
CGACGCGATCCGGCCT-1,12,45
CGACGCGAAGAGAAGG-1,12,46
CGACGCGACATACTCC-1,12,47
CGACGCGAGCTAACTT-1,12,48
CGACGCGAGGTATGCT-1,12,49
CGACGCGAAACCTGCG-1,12,50
ACTATGCAATAAGGAG-1,13,1
ACTATGCACGAACGCC-1,13,2
ACTATGCAGGCTGAGC-1,13,3
ACTATGCACCGATTCC-1,13,4
ACTATGCAACCGCCAA-1,13,5
ACTATGCACCAGTTCC-1,13,6
ACTATGCAACTTAACC-1,13,7
ACTATGCACAACCGCT-1,13,8
ACTATGCAGACCTTGA-1,13,9
ACTATGCATAGAGTAA-1,13,10
ACTATGCAGCAGGTCC-1,13,11
ACTATGCATCGGCCTT-1,13,12
ACTATGCAAGAACGTC-1,13,13
ACTATGCACTTGCGCC-1,13,14
ACTATGCAGGTACTGC-1,13,15
ACTATGCATAGAATTA-1,13,16
ACTATGCAGCCATTCT-1,13,17
ACTATGCATTGACTTC-1,13,18
ACTATGCAAGAGCTAT-1,13,19
ACTATGCACTAAGAGA-1,13,20
ACTATGCAACTCAATA-1,13,21
ACTATGCATCCTACCA-1,13,22
ACTATGCAGCGTTGGA-1,13,23
ACTATGCAGATCTTAC-1,13,24
ACTATGCACTGATGGT-1,13,25
ACTATGCACCGAGAAT-1,13,26
ACTATGCAGCCGCAAC-1,13,27
ACTATGCATGAGTCTG-1,13,28
ACTATGCATGCGGACC-1,13,29
ACTATGCAACGGAGGC-1,13,30
ACTATGCATAGATCTA-1,13,31
ACTATGCAAATTAAGA-1,13,32
ACTATGCATTATTCAT-1,13,33
ACTATGCATGCCGGCA-1,13,34
ACTATGCATTACCGAG-1,13,35
ACTATGCAATCATATT-1,13,36
ACTATGCATGGTCAGC-1,13,37
ACTATGCAACTATGCA-1,13,38
ACTATGCACGACGCGA-1,13,39
ACTATGCAGATACGGA-1,13,40
ACTATGCATTATCCGG-1,13,41
ACTATGCATCTGATAC-1,13,42
ACTATGCAGAAGATCG-1,13,43
ACTATGCAAAGAAGCT-1,13,44
ACTATGCATCCGGCCT-1,13,45
ACTATGCAAGAGAAGG-1,13,46
ACTATGCACATACTCC-1,13,47
ACTATGCAGCTAACTT-1,13,48
ACTATGCAGGTATGCT-1,13,49
ACTATGCAAACCTGCG-1,13,50
TGGTCAGCATAAGGAG-1,14,1
TGGTCAGCCGAACGCC-1,14,2
TGGTCAGCGGCTGAGC-1,14,3
TGGTCAGCCCGATTCC-1,14,4
TGGTCAGCACCGCCAA-1,14,5
TGGTCAGCCCAGTTCC-1,14,6
TGGTCAGCACTTAACC-1,14,7
TGGTCAGCCAACCGCT-1,14,8
TGGTCAGCGACCTTGA-1,14,9
TGGTCAGCTAGAGTAA-1,14,10
TGGTCAGCGCAGGTCC-1,14,11
TGGTCAGCTCGGCCTT-1,14,12
TGGTCAGCAGAACGTC-1,14,13
TGGTCAGCCTTGCGCC-1,14,14
TGGTCAGCGGTACTGC-1,14,15
TGGTCAGCTAGAATTA-1,14,16
TGGTCAGCGCCATTCT-1,14,17
TGGTCAGCTTGACTTC-1,14,18
TGGTCAGCAGAGCTAT-1,14,19
TGGTCAGCCTAAGAGA-1,14,20
TGGTCAGCACTCAATA-1,14,21
TGGTCAGCTCCTACCA-1,14,22
TGGTCAGCGCGTTGGA-1,14,23
TGGTCAGCGATCTTAC-1,14,24
TGGTCAGCCTGATGGT-1,14,25
TGGTCAGCCCGAGAAT-1,14,26
TGGTCAGCGCCGCAAC-1,14,27
TGGTCAGCTGAGTCTG-1,14,28
TGGTCAGCTGCGGACC-1,14,29
TGGTCAGCACGGAGGC-1,14,30
TGGTCAGCTAGATCTA-1,14,31
TGGTCAGCAATTAAGA-1,14,32
TGGTCAGCTTATTCAT-1,14,33
TGGTCAGCTGCCGGCA-1,14,34
TGGTCAGCTTACCGAG-1,14,35
TGGTCAGCATCATATT-1,14,36
TGGTCAGCTGGTCAGC-1,14,37
TGGTCAGCACTATGCA-1,14,38
TGGTCAGCCGACGCGA-1,14,39
TGGTCAGCGATACGGA-1,14,40
TGGTCAGCTTATCCGG-1,14,41
TGGTCAGCTCTGATAC-1,14,42
TGGTCAGCGAAGATCG-1,14,43
TGGTCAGCAAGAAGCT-1,14,44
TGGTCAGCTCCGGCCT-1,14,45
TGGTCAGCAGAGAAGG-1,14,46
TGGTCAGCCATACTCC-1,14,47
TGGTCAGCGCTAACTT-1,14,48
TGGTCAGCGGTATGCT-1,14,49
TGGTCAGCAACCTGCG-1,14,50
ATCATATTATAAGGAG-1,15,1
ATCATATTCGAACGCC-1,15,2
ATCATATTGGCTGAGC-1,15,3
ATCATATTCCGATTCC-1,15,4
ATCATATTACCGCCAA-1,15,5
ATCATATTCCAGTTCC-1,15,6
ATCATATTACTTAACC-1,15,7
ATCATATTCAACCGCT-1,15,8
ATCATATTGACCTTGA-1,15,9
ATCATATTTAGAGTAA-1,15,10
ATCATATTGCAGGTCC-1,15,11
ATCATATTTCGGCCTT-1,15,12
ATCATATTAGAACGTC-1,15,13
ATCATATTCTTGCGCC-1,15,14
ATCATATTGGTACTGC-1,15,15
ATCATATTTAGAATTA-1,15,16
ATCATATTGCCATTCT-1,15,17
ATCATATTTTGACTTC-1,15,18
ATCATATTAGAGCTAT-1,15,19
ATCATATTCTAAGAGA-1,15,20
ATCATATTACTCAATA-1,15,21
ATCATATTTCCTACCA-1,15,22
ATCATATTGCGTTGGA-1,15,23
ATCATATTGATCTTAC-1,15,24
ATCATATTCTGATGGT-1,15,25
ATCATATTCCGAGAAT-1,15,26
ATCATATTGCCGCAAC-1,15,27
ATCATATTTGAGTCTG-1,15,28
ATCATATTTGCGGACC-1,15,29
ATCATATTACGGAGGC-1,15,30
ATCATATTTAGATCTA-1,15,31
ATCATATTAATTAAGA-1,15,32
ATCATATTTTATTCAT-1,15,33
ATCATATTTGCCGGCA-1,15,34
ATCATATTTTACCGAG-1,15,35
ATCATATTATCATATT-1,15,36
ATCATATTTGGTCAGC-1,15,37
ATCATATTACTATGCA-1,15,38
ATCATATTCGACGCGA-1,15,39
ATCATATTGATACGGA-1,15,40
ATCATATTTTATCCGG-1,15,41
ATCATATTTCTGATAC-1,15,42
ATCATATTGAAGATCG-1,15,43
ATCATATTAAGAAGCT-1,15,44
ATCATATTTCCGGCCT-1,15,45
ATCATATTAGAGAAGG-1,15,46
ATCATATTCATACTCC-1,15,47
ATCATATTGCTAACTT-1,15,48
ATCATATTGGTATGCT-1,15,49
ATCATATTAACCTGCG-1,15,50
TTACCGAGATAAGGAG-1,16,1
TTACCGAGCGAACGCC-1,16,2
TTACCGAGGGCTGAGC-1,16,3
TTACCGAGCCGATTCC-1,16,4
TTACCGAGACCGCCAA-1,16,5
TTACCGAGCCAGTTCC-1,16,6
TTACCGAGACTTAACC-1,16,7
TTACCGAGCAACCGCT-1,16,8
TTACCGAGGACCTTGA-1,16,9
TTACCGAGTAGAGTAA-1,16,10
TTACCGAGGCAGGTCC-1,16,11
TTACCGAGTCGGCCTT-1,16,12
TTACCGAGAGAACGTC-1,16,13
TTACCGAGCTTGCGCC-1,16,14
TTACCGAGGGTACTGC-1,16,15
TTACCGAGTAGAATTA-1,16,16
TTACCGAGGCCATTCT-1,16,17
TTACCGAGTTGACTTC-1,16,18
TTACCGAGAGAGCTAT-1,16,19
TTACCGAGCTAAGAGA-1,16,20
TTACCGAGACTCAATA-1,16,21
TTACCGAGTCCTACCA-1,16,22
TTACCGAGGCGTTGGA-1,16,23
TTACCGAGGATCTTAC-1,16,24
TTACCGAGCTGATGGT-1,16,25
TTACCGAGCCGAGAAT-1,16,26
TTACCGAGGCCGCAAC-1,16,27
TTACCGAGTGAGTCTG-1,16,28
TTACCGAGTGCGGACC-1,16,29
TTACCGAGACGGAGGC-1,16,30
TTACCGAGTAGATCTA-1,16,31
TTACCGAGAATTAAGA-1,16,32
TTACCGAGTTATTCAT-1,16,33
TTACCGAGTGCCGGCA-1,16,34
TTACCGAGTTACCGAG-1,16,35
TTACCGAGATCATATT-1,16,36
TTACCGAGTGGTCAGC-1,16,37
TTACCGAGACTATGCA-1,16,38
TTACCGAGCGACGCGA-1,16,39
TTACCGAGGATACGGA-1,16,40
TTACCGAGTTATCCGG-1,16,41
TTACCGAGTCTGATAC-1,16,42
TTACCGAGGAAGATCG-1,16,43
TTACCGAGAAGAAGCT-1,16,44
TTACCGAGTCCGGCCT-1,16,45
TTACCGAGAGAGAAGG-1,16,46
TTACCGAGCATACTCC-1,16,47
TTACCGAGGCTAACTT-1,16,48
TTACCGAGGGTATGCT-1,16,49
TTACCGAGAACCTGCG-1,16,50
TGCCGGCAATAAGGAG-1,17,1
TGCCGGCACGAACGCC-1,17,2
TGCCGGCAGGCTGAGC-1,17,3
TGCCGGCACCGATTCC-1,17,4
TGCCGGCAACCGCCAA-1,17,5
TGCCGGCACCAGTTCC-1,17,6
TGCCGGCAACTTAACC-1,17,7
TGCCGGCACAACCGCT-1,17,8
TGCCGGCAGACCTTGA-1,17,9
TGCCGGCATAGAGTAA-1,17,10
TGCCGGCAGCAGGTCC-1,17,11
TGCCGGCATCGGCCTT-1,17,12
TGCCGGCAAGAACGTC-1,17,13
TGCCGGCACTTGCGCC-1,17,14
TGCCGGCAGGTACTGC-1,17,15
TGCCGGCATAGAATTA-1,17,16
TGCCGGCAGCCATTCT-1,17,17
TGCCGGCATTGACTTC-1,17,18
TGCCGGCAAGAGCTAT-1,17,19
TGCCGGCACTAAGAGA-1,17,20
TGCCGGCAACTCAATA-1,17,21
TGCCGGCATCCTACCA-1,17,22
TGCCGGCAGCGTTGGA-1,17,23
TGCCGGCAGATCTTAC-1,17,24
TGCCGGCACTGATGGT-1,17,25
TGCCGGCACCGAGAAT-1,17,26
TGCCGGCAGCCGCAAC-1,17,27
TGCCGGCATGAGTCTG-1,17,28
TGCCGGCATGCGGACC-1,17,29
TGCCGGCAACGGAGGC-1,17,30
TGCCGGCATAGATCTA-1,17,31
TGCCGGCAAATTAAGA-1,17,32
TGCCGGCATTATTCAT-1,17,33
TGCCGGCATGCCGGCA-1,17,34
TGCCGGCATTACCGAG-1,17,35
TGCCGGCAATCATATT-1,17,36
TGCCGGCATGGTCAGC-1,17,37
TGCCGGCAACTATGCA-1,17,38
TGCCGGCACGACGCGA-1,17,39
TGCCGGCAGATACGGA-1,17,40
TGCCGGCATTATCCGG-1,17,41
TGCCGGCATCTGATAC-1,17,42
TGCCGGCAGAAGATCG-1,17,43
TGCCGGCAAAGAAGCT-1,17,44
TGCCGGCATCCGGCCT-1,17,45
TGCCGGCAAGAGAAGG-1,17,46
TGCCGGCACATACTCC-1,17,47
TGCCGGCAGCTAACTT-1,17,48
TGCCGGCAGGTATGCT-1,17,49
TGCCGGCAAACCTGCG-1,17,50
TTATTCATATAAGGAG-1,18,1
TTATTCATCGAACGCC-1,18,2
TTATTCATGGCTGAGC-1,18,3
TTATTCATCCGATTCC-1,18,4
TTATTCATACCGCCAA-1,18,5
TTATTCATCCAGTTCC-1,18,6
TTATTCATACTTAACC-1,18,7
TTATTCATCAACCGCT-1,18,8
TTATTCATGACCTTGA-1,18,9
TTATTCATTAGAGTAA-1,18,10
TTATTCATGCAGGTCC-1,18,11
TTATTCATTCGGCCTT-1,18,12
TTATTCATAGAACGTC-1,18,13
TTATTCATCTTGCGCC-1,18,14
TTATTCATGGTACTGC-1,18,15
TTATTCATTAGAATTA-1,18,16
TTATTCATGCCATTCT-1,18,17
TTATTCATTTGACTTC-1,18,18
TTATTCATAGAGCTAT-1,18,19
TTATTCATCTAAGAGA-1,18,20
TTATTCATACTCAATA-1,18,21
TTATTCATTCCTACCA-1,18,22
TTATTCATGCGTTGGA-1,18,23
TTATTCATGATCTTAC-1,18,24
TTATTCATCTGATGGT-1,18,25
TTATTCATCCGAGAAT-1,18,26
TTATTCATGCCGCAAC-1,18,27
TTATTCATTGAGTCTG-1,18,28
TTATTCATTGCGGACC-1,18,29
TTATTCATACGGAGGC-1,18,30
TTATTCATTAGATCTA-1,18,31
TTATTCATAATTAAGA-1,18,32
TTATTCATTTATTCAT-1,18,33
TTATTCATTGCCGGCA-1,18,34
TTATTCATTTACCGAG-1,18,35
TTATTCATATCATATT-1,18,36
TTATTCATTGGTCAGC-1,18,37
TTATTCATACTATGCA-1,18,38
TTATTCATCGACGCGA-1,18,39
TTATTCATGATACGGA-1,18,40
TTATTCATTTATCCGG-1,18,41
TTATTCATTCTGATAC-1,18,42
TTATTCATGAAGATCG-1,18,43
TTATTCATAAGAAGCT-1,18,44
TTATTCATTCCGGCCT-1,18,45
TTATTCATAGAGAAGG-1,18,46
TTATTCATCATACTCC-1,18,47
TTATTCATGCTAACTT-1,18,48
TTATTCATGGTATGCT-1,18,49
TTATTCATAACCTGCG-1,18,50
AATTAAGAATAAGGAG-1,19,1
AATTAAGACGAACGCC-1,19,2
AATTAAGAGGCTGAGC-1,19,3
AATTAAGACCGATTCC-1,19,4
AATTAAGAACCGCCAA-1,19,5
AATTAAGACCAGTTCC-1,19,6
AATTAAGAACTTAACC-1,19,7
AATTAAGACAACCGCT-1,19,8
AATTAAGAGACCTTGA-1,19,9
AATTAAGATAGAGTAA-1,19,10
AATTAAGAGCAGGTCC-1,19,11
AATTAAGATCGGCCTT-1,19,12
AATTAAGAAGAACGTC-1,19,13
AATTAAGACTTGCGCC-1,19,14
AATTAAGAGGTACTGC-1,19,15
AATTAAGATAGAATTA-1,19,16
AATTAAGAGCCATTCT-1,19,17
AATTAAGATTGACTTC-1,19,18
AATTAAGAAGAGCTAT-1,19,19
AATTAAGACTAAGAGA-1,19,20
AATTAAGAACTCAATA-1,19,21
AATTAAGATCCTACCA-1,19,22
AATTAAGAGCGTTGGA-1,19,23
AATTAAGAGATCTTAC-1,19,24
AATTAAGACTGATGGT-1,19,25
AATTAAGACCGAGAAT-1,19,26
AATTAAGAGCCGCAAC-1,19,27
AATTAAGATGAGTCTG-1,19,28
AATTAAGATGCGGACC-1,19,29
AATTAAGAACGGAGGC-1,19,30
AATTAAGATAGATCTA-1,19,31
AATTAAGAAATTAAGA-1,19,32
AATTAAGATTATTCAT-1,19,33
AATTAAGATGCCGGCA-1,19,34
AATTAAGATTACCGAG-1,19,35
AATTAAGAATCATATT-1,19,36
AATTAAGATGGTCAGC-1,19,37
AATTAAGAACTATGCA-1,19,38
AATTAAGACGACGCGA-1,19,39
AATTAAGAGATACGGA-1,19,40
AATTAAGATTATCCGG-1,19,41
AATTAAGATCTGATAC-1,19,42
AATTAAGAGAAGATCG-1,19,43
AATTAAGAAAGAAGCT-1,19,44
AATTAAGATCCGGCCT-1,19,45
AATTAAGAAGAGAAGG-1,19,46
AATTAAGACATACTCC-1,19,47
AATTAAGAGCTAACTT-1,19,48
AATTAAGAGGTATGCT-1,19,49
AATTAAGAAACCTGCG-1,19,50
TAGATCTAATAAGGAG-1,20,1
TAGATCTACGAACGCC-1,20,2
TAGATCTAGGCTGAGC-1,20,3
TAGATCTACCGATTCC-1,20,4
TAGATCTAACCGCCAA-1,20,5
TAGATCTACCAGTTCC-1,20,6
TAGATCTAACTTAACC-1,20,7
TAGATCTACAACCGCT-1,20,8
TAGATCTAGACCTTGA-1,20,9
TAGATCTATAGAGTAA-1,20,10
TAGATCTAGCAGGTCC-1,20,11
TAGATCTATCGGCCTT-1,20,12
TAGATCTAAGAACGTC-1,20,13
TAGATCTACTTGCGCC-1,20,14
TAGATCTAGGTACTGC-1,20,15
TAGATCTATAGAATTA-1,20,16
TAGATCTAGCCATTCT-1,20,17
TAGATCTATTGACTTC-1,20,18
TAGATCTAAGAGCTAT-1,20,19
TAGATCTACTAAGAGA-1,20,20
TAGATCTAACTCAATA-1,20,21
TAGATCTATCCTACCA-1,20,22
TAGATCTAGCGTTGGA-1,20,23
TAGATCTAGATCTTAC-1,20,24
TAGATCTACTGATGGT-1,20,25
TAGATCTACCGAGAAT-1,20,26
TAGATCTAGCCGCAAC-1,20,27
TAGATCTATGAGTCTG-1,20,28
TAGATCTATGCGGACC-1,20,29
TAGATCTAACGGAGGC-1,20,30
TAGATCTATAGATCTA-1,20,31
TAGATCTAAATTAAGA-1,20,32
TAGATCTATTATTCAT-1,20,33
TAGATCTATGCCGGCA-1,20,34
TAGATCTATTACCGAG-1,20,35
TAGATCTAATCATATT-1,20,36
TAGATCTATGGTCAGC-1,20,37
TAGATCTAACTATGCA-1,20,38
TAGATCTACGACGCGA-1,20,39
TAGATCTAGATACGGA-1,20,40
TAGATCTATTATCCGG-1,20,41
TAGATCTATCTGATAC-1,20,42
TAGATCTAGAAGATCG-1,20,43
TAGATCTAAAGAAGCT-1,20,44
TAGATCTATCCGGCCT-1,20,45
TAGATCTAAGAGAAGG-1,20,46
TAGATCTACATACTCC-1,20,47
TAGATCTAGCTAACTT-1,20,48
TAGATCTAGGTATGCT-1,20,49
TAGATCTAAACCTGCG-1,20,50
ACGGAGGCATAAGGAG-1,21,1
ACGGAGGCCGAACGCC-1,21,2
ACGGAGGCGGCTGAGC-1,21,3
ACGGAGGCCCGATTCC-1,21,4
ACGGAGGCACCGCCAA-1,21,5
ACGGAGGCCCAGTTCC-1,21,6
ACGGAGGCACTTAACC-1,21,7
ACGGAGGCCAACCGCT-1,21,8
ACGGAGGCGACCTTGA-1,21,9
ACGGAGGCTAGAGTAA-1,21,10
ACGGAGGCGCAGGTCC-1,21,11
ACGGAGGCTCGGCCTT-1,21,12
ACGGAGGCAGAACGTC-1,21,13
ACGGAGGCCTTGCGCC-1,21,14
ACGGAGGCGGTACTGC-1,21,15
ACGGAGGCTAGAATTA-1,21,16
ACGGAGGCGCCATTCT-1,21,17
ACGGAGGCTTGACTTC-1,21,18
ACGGAGGCAGAGCTAT-1,21,19
ACGGAGGCCTAAGAGA-1,21,20
ACGGAGGCACTCAATA-1,21,21
ACGGAGGCTCCTACCA-1,21,22
ACGGAGGCGCGTTGGA-1,21,23
ACGGAGGCGATCTTAC-1,21,24
ACGGAGGCCTGATGGT-1,21,25
ACGGAGGCCCGAGAAT-1,21,26
ACGGAGGCGCCGCAAC-1,21,27
ACGGAGGCTGAGTCTG-1,21,28
ACGGAGGCTGCGGACC-1,21,29
ACGGAGGCACGGAGGC-1,21,30
ACGGAGGCTAGATCTA-1,21,31
ACGGAGGCAATTAAGA-1,21,32
ACGGAGGCTTATTCAT-1,21,33
ACGGAGGCTGCCGGCA-1,21,34
ACGGAGGCTTACCGAG-1,21,35
ACGGAGGCATCATATT-1,21,36
ACGGAGGCTGGTCAGC-1,21,37
ACGGAGGCACTATGCA-1,21,38
ACGGAGGCCGACGCGA-1,21,39
ACGGAGGCGATACGGA-1,21,40
ACGGAGGCTTATCCGG-1,21,41
ACGGAGGCTCTGATAC-1,21,42
ACGGAGGCGAAGATCG-1,21,43
ACGGAGGCAAGAAGCT-1,21,44
ACGGAGGCTCCGGCCT-1,21,45
ACGGAGGCAGAGAAGG-1,21,46
ACGGAGGCCATACTCC-1,21,47
ACGGAGGCGCTAACTT-1,21,48
ACGGAGGCGGTATGCT-1,21,49
ACGGAGGCAACCTGCG-1,21,50
TGCGGACCATAAGGAG-1,22,1
TGCGGACCCGAACGCC-1,22,2
TGCGGACCGGCTGAGC-1,22,3
TGCGGACCCCGATTCC-1,22,4
TGCGGACCACCGCCAA-1,22,5
TGCGGACCCCAGTTCC-1,22,6
TGCGGACCACTTAACC-1,22,7
TGCGGACCCAACCGCT-1,22,8
TGCGGACCGACCTTGA-1,22,9
TGCGGACCTAGAGTAA-1,22,10
TGCGGACCGCAGGTCC-1,22,11
TGCGGACCTCGGCCTT-1,22,12
TGCGGACCAGAACGTC-1,22,13
TGCGGACCCTTGCGCC-1,22,14
TGCGGACCGGTACTGC-1,22,15
TGCGGACCTAGAATTA-1,22,16
TGCGGACCGCCATTCT-1,22,17
TGCGGACCTTGACTTC-1,22,18
TGCGGACCAGAGCTAT-1,22,19
TGCGGACCCTAAGAGA-1,22,20
TGCGGACCACTCAATA-1,22,21
TGCGGACCTCCTACCA-1,22,22
TGCGGACCGCGTTGGA-1,22,23
TGCGGACCGATCTTAC-1,22,24
TGCGGACCCTGATGGT-1,22,25
TGCGGACCCCGAGAAT-1,22,26
TGCGGACCGCCGCAAC-1,22,27
TGCGGACCTGAGTCTG-1,22,28
TGCGGACCTGCGGACC-1,22,29
TGCGGACCACGGAGGC-1,22,30
TGCGGACCTAGATCTA-1,22,31
TGCGGACCAATTAAGA-1,22,32
TGCGGACCTTATTCAT-1,22,33
TGCGGACCTGCCGGCA-1,22,34
TGCGGACCTTACCGAG-1,22,35
TGCGGACCATCATATT-1,22,36
TGCGGACCTGGTCAGC-1,22,37
TGCGGACCACTATGCA-1,22,38
TGCGGACCCGACGCGA-1,22,39
TGCGGACCGATACGGA-1,22,40
TGCGGACCTTATCCGG-1,22,41
TGCGGACCTCTGATAC-1,22,42
TGCGGACCGAAGATCG-1,22,43
TGCGGACCAAGAAGCT-1,22,44
TGCGGACCTCCGGCCT-1,22,45
TGCGGACCAGAGAAGG-1,22,46
TGCGGACCCATACTCC-1,22,47
TGCGGACCGCTAACTT-1,22,48
TGCGGACCGGTATGCT-1,22,49
TGCGGACCAACCTGCG-1,22,50
TGAGTCTGATAAGGAG-1,23,1
TGAGTCTGCGAACGCC-1,23,2
TGAGTCTGGGCTGAGC-1,23,3
TGAGTCTGCCGATTCC-1,23,4
TGAGTCTGACCGCCAA-1,23,5
TGAGTCTGCCAGTTCC-1,23,6
TGAGTCTGACTTAACC-1,23,7
TGAGTCTGCAACCGCT-1,23,8
TGAGTCTGGACCTTGA-1,23,9
TGAGTCTGTAGAGTAA-1,23,10
TGAGTCTGGCAGGTCC-1,23,11
TGAGTCTGTCGGCCTT-1,23,12
TGAGTCTGAGAACGTC-1,23,13
TGAGTCTGCTTGCGCC-1,23,14
TGAGTCTGGGTACTGC-1,23,15
TGAGTCTGTAGAATTA-1,23,16
TGAGTCTGGCCATTCT-1,23,17
TGAGTCTGTTGACTTC-1,23,18
TGAGTCTGAGAGCTAT-1,23,19
TGAGTCTGCTAAGAGA-1,23,20
TGAGTCTGACTCAATA-1,23,21
TGAGTCTGTCCTACCA-1,23,22
TGAGTCTGGCGTTGGA-1,23,23
TGAGTCTGGATCTTAC-1,23,24
TGAGTCTGCTGATGGT-1,23,25
TGAGTCTGCCGAGAAT-1,23,26
TGAGTCTGGCCGCAAC-1,23,27
TGAGTCTGTGAGTCTG-1,23,28
TGAGTCTGTGCGGACC-1,23,29
TGAGTCTGACGGAGGC-1,23,30
TGAGTCTGTAGATCTA-1,23,31
TGAGTCTGAATTAAGA-1,23,32
TGAGTCTGTTATTCAT-1,23,33
TGAGTCTGTGCCGGCA-1,23,34
TGAGTCTGTTACCGAG-1,23,35
TGAGTCTGATCATATT-1,23,36
TGAGTCTGTGGTCAGC-1,23,37
TGAGTCTGACTATGCA-1,23,38
TGAGTCTGCGACGCGA-1,23,39
TGAGTCTGGATACGGA-1,23,40
TGAGTCTGTTATCCGG-1,23,41
TGAGTCTGTCTGATAC-1,23,42
TGAGTCTGGAAGATCG-1,23,43
TGAGTCTGAAGAAGCT-1,23,44
TGAGTCTGTCCGGCCT-1,23,45
TGAGTCTGAGAGAAGG-1,23,46
TGAGTCTGCATACTCC-1,23,47
TGAGTCTGGCTAACTT-1,23,48
TGAGTCTGGGTATGCT-1,23,49
TGAGTCTGAACCTGCG-1,23,50
GCCGCAACATAAGGAG-1,24,1
GCCGCAACCGAACGCC-1,24,2
GCCGCAACGGCTGAGC-1,24,3
GCCGCAACCCGATTCC-1,24,4
GCCGCAACACCGCCAA-1,24,5
GCCGCAACCCAGTTCC-1,24,6
GCCGCAACACTTAACC-1,24,7
GCCGCAACCAACCGCT-1,24,8
GCCGCAACGACCTTGA-1,24,9
GCCGCAACTAGAGTAA-1,24,10
GCCGCAACGCAGGTCC-1,24,11
GCCGCAACTCGGCCTT-1,24,12
GCCGCAACAGAACGTC-1,24,13
GCCGCAACCTTGCGCC-1,24,14
GCCGCAACGGTACTGC-1,24,15
GCCGCAACTAGAATTA-1,24,16
GCCGCAACGCCATTCT-1,24,17
GCCGCAACTTGACTTC-1,24,18
GCCGCAACAGAGCTAT-1,24,19
GCCGCAACCTAAGAGA-1,24,20
GCCGCAACACTCAATA-1,24,21
GCCGCAACTCCTACCA-1,24,22
GCCGCAACGCGTTGGA-1,24,23
GCCGCAACGATCTTAC-1,24,24
GCCGCAACCTGATGGT-1,24,25
GCCGCAACCCGAGAAT-1,24,26
GCCGCAACGCCGCAAC-1,24,27
GCCGCAACTGAGTCTG-1,24,28
GCCGCAACTGCGGACC-1,24,29
GCCGCAACACGGAGGC-1,24,30
GCCGCAACTAGATCTA-1,24,31
GCCGCAACAATTAAGA-1,24,32
GCCGCAACTTATTCAT-1,24,33
GCCGCAACTGCCGGCA-1,24,34
GCCGCAACTTACCGAG-1,24,35
GCCGCAACATCATATT-1,24,36
GCCGCAACTGGTCAGC-1,24,37
GCCGCAACACTATGCA-1,24,38
GCCGCAACCGACGCGA-1,24,39
GCCGCAACGATACGGA-1,24,40
GCCGCAACTTATCCGG-1,24,41
GCCGCAACTCTGATAC-1,24,42
GCCGCAACGAAGATCG-1,24,43
GCCGCAACAAGAAGCT-1,24,44
GCCGCAACTCCGGCCT-1,24,45
GCCGCAACAGAGAAGG-1,24,46
GCCGCAACCATACTCC-1,24,47
GCCGCAACGCTAACTT-1,24,48
GCCGCAACGGTATGCT-1,24,49
GCCGCAACAACCTGCG-1,24,50
CCGAGAATATAAGGAG-1,25,1
CCGAGAATCGAACGCC-1,25,2
CCGAGAATGGCTGAGC-1,25,3
CCGAGAATCCGATTCC-1,25,4
CCGAGAATACCGCCAA-1,25,5
CCGAGAATCCAGTTCC-1,25,6
CCGAGAATACTTAACC-1,25,7
CCGAGAATCAACCGCT-1,25,8
CCGAGAATGACCTTGA-1,25,9
CCGAGAATTAGAGTAA-1,25,10
CCGAGAATGCAGGTCC-1,25,11
CCGAGAATTCGGCCTT-1,25,12
CCGAGAATAGAACGTC-1,25,13
CCGAGAATCTTGCGCC-1,25,14
CCGAGAATGGTACTGC-1,25,15
CCGAGAATTAGAATTA-1,25,16
CCGAGAATGCCATTCT-1,25,17
CCGAGAATTTGACTTC-1,25,18
CCGAGAATAGAGCTAT-1,25,19
CCGAGAATCTAAGAGA-1,25,20
CCGAGAATACTCAATA-1,25,21
CCGAGAATTCCTACCA-1,25,22
CCGAGAATGCGTTGGA-1,25,23
CCGAGAATGATCTTAC-1,25,24
CCGAGAATCTGATGGT-1,25,25
CCGAGAATCCGAGAAT-1,25,26
CCGAGAATGCCGCAAC-1,25,27
CCGAGAATTGAGTCTG-1,25,28
CCGAGAATTGCGGACC-1,25,29
CCGAGAATACGGAGGC-1,25,30
CCGAGAATTAGATCTA-1,25,31
CCGAGAATAATTAAGA-1,25,32
CCGAGAATTTATTCAT-1,25,33
CCGAGAATTGCCGGCA-1,25,34
CCGAGAATTTACCGAG-1,25,35
CCGAGAATATCATATT-1,25,36
CCGAGAATTGGTCAGC-1,25,37
CCGAGAATACTATGCA-1,25,38
CCGAGAATCGACGCGA-1,25,39
CCGAGAATGATACGGA-1,25,40
CCGAGAATTTATCCGG-1,25,41
CCGAGAATTCTGATAC-1,25,42
CCGAGAATGAAGATCG-1,25,43
CCGAGAATAAGAAGCT-1,25,44
CCGAGAATTCCGGCCT-1,25,45
CCGAGAATAGAGAAGG-1,25,46
CCGAGAATCATACTCC-1,25,47
CCGAGAATGCTAACTT-1,25,48
CCGAGAATGGTATGCT-1,25,49
CCGAGAATAACCTGCG-1,25,50
CTGATGGTATAAGGAG-1,26,1
CTGATGGTCGAACGCC-1,26,2
CTGATGGTGGCTGAGC-1,26,3
CTGATGGTCCGATTCC-1,26,4
CTGATGGTACCGCCAA-1,26,5
CTGATGGTCCAGTTCC-1,26,6
CTGATGGTACTTAACC-1,26,7
CTGATGGTCAACCGCT-1,26,8
CTGATGGTGACCTTGA-1,26,9
CTGATGGTTAGAGTAA-1,26,10
CTGATGGTGCAGGTCC-1,26,11
CTGATGGTTCGGCCTT-1,26,12
CTGATGGTAGAACGTC-1,26,13
CTGATGGTCTTGCGCC-1,26,14
CTGATGGTGGTACTGC-1,26,15
CTGATGGTTAGAATTA-1,26,16
CTGATGGTGCCATTCT-1,26,17
CTGATGGTTTGACTTC-1,26,18
CTGATGGTAGAGCTAT-1,26,19
CTGATGGTCTAAGAGA-1,26,20
CTGATGGTACTCAATA-1,26,21
CTGATGGTTCCTACCA-1,26,22
CTGATGGTGCGTTGGA-1,26,23
CTGATGGTGATCTTAC-1,26,24
CTGATGGTCTGATGGT-1,26,25
CTGATGGTCCGAGAAT-1,26,26
CTGATGGTGCCGCAAC-1,26,27
CTGATGGTTGAGTCTG-1,26,28
CTGATGGTTGCGGACC-1,26,29
CTGATGGTACGGAGGC-1,26,30
CTGATGGTTAGATCTA-1,26,31
CTGATGGTAATTAAGA-1,26,32
CTGATGGTTTATTCAT-1,26,33
CTGATGGTTGCCGGCA-1,26,34
CTGATGGTTTACCGAG-1,26,35
CTGATGGTATCATATT-1,26,36
CTGATGGTTGGTCAGC-1,26,37
CTGATGGTACTATGCA-1,26,38
CTGATGGTCGACGCGA-1,26,39
CTGATGGTGATACGGA-1,26,40
CTGATGGTTTATCCGG-1,26,41
CTGATGGTTCTGATAC-1,26,42
CTGATGGTGAAGATCG-1,26,43
CTGATGGTAAGAAGCT-1,26,44
CTGATGGTTCCGGCCT-1,26,45
CTGATGGTAGAGAAGG-1,26,46
CTGATGGTCATACTCC-1,26,47
CTGATGGTGCTAACTT-1,26,48
CTGATGGTGGTATGCT-1,26,49
CTGATGGTAACCTGCG-1,26,50
GATCTTACATAAGGAG-1,27,1
GATCTTACCGAACGCC-1,27,2
GATCTTACGGCTGAGC-1,27,3
GATCTTACCCGATTCC-1,27,4
GATCTTACACCGCCAA-1,27,5
GATCTTACCCAGTTCC-1,27,6
GATCTTACACTTAACC-1,27,7
GATCTTACCAACCGCT-1,27,8
GATCTTACGACCTTGA-1,27,9
GATCTTACTAGAGTAA-1,27,10
GATCTTACGCAGGTCC-1,27,11
GATCTTACTCGGCCTT-1,27,12
GATCTTACAGAACGTC-1,27,13
GATCTTACCTTGCGCC-1,27,14
GATCTTACGGTACTGC-1,27,15
GATCTTACTAGAATTA-1,27,16
GATCTTACGCCATTCT-1,27,17
GATCTTACTTGACTTC-1,27,18
GATCTTACAGAGCTAT-1,27,19
GATCTTACCTAAGAGA-1,27,20
GATCTTACACTCAATA-1,27,21
GATCTTACTCCTACCA-1,27,22
GATCTTACGCGTTGGA-1,27,23
GATCTTACGATCTTAC-1,27,24
GATCTTACCTGATGGT-1,27,25
GATCTTACCCGAGAAT-1,27,26
GATCTTACGCCGCAAC-1,27,27
GATCTTACTGAGTCTG-1,27,28
GATCTTACTGCGGACC-1,27,29
GATCTTACACGGAGGC-1,27,30
GATCTTACTAGATCTA-1,27,31
GATCTTACAATTAAGA-1,27,32
GATCTTACTTATTCAT-1,27,33
GATCTTACTGCCGGCA-1,27,34
GATCTTACTTACCGAG-1,27,35
GATCTTACATCATATT-1,27,36
GATCTTACTGGTCAGC-1,27,37
GATCTTACACTATGCA-1,27,38
GATCTTACCGACGCGA-1,27,39
GATCTTACGATACGGA-1,27,40
GATCTTACTTATCCGG-1,27,41
GATCTTACTCTGATAC-1,27,42
GATCTTACGAAGATCG-1,27,43
GATCTTACAAGAAGCT-1,27,44
GATCTTACTCCGGCCT-1,27,45
GATCTTACAGAGAAGG-1,27,46
GATCTTACCATACTCC-1,27,47
GATCTTACGCTAACTT-1,27,48
GATCTTACGGTATGCT-1,27,49
GATCTTACAACCTGCG-1,27,50
GCGTTGGAATAAGGAG-1,28,1
GCGTTGGACGAACGCC-1,28,2
GCGTTGGAGGCTGAGC-1,28,3
GCGTTGGACCGATTCC-1,28,4
GCGTTGGAACCGCCAA-1,28,5
GCGTTGGACCAGTTCC-1,28,6
GCGTTGGAACTTAACC-1,28,7
GCGTTGGACAACCGCT-1,28,8
GCGTTGGAGACCTTGA-1,28,9
GCGTTGGATAGAGTAA-1,28,10
GCGTTGGAGCAGGTCC-1,28,11
GCGTTGGATCGGCCTT-1,28,12
GCGTTGGAAGAACGTC-1,28,13
GCGTTGGACTTGCGCC-1,28,14
GCGTTGGAGGTACTGC-1,28,15
GCGTTGGATAGAATTA-1,28,16
GCGTTGGAGCCATTCT-1,28,17
GCGTTGGATTGACTTC-1,28,18
GCGTTGGAAGAGCTAT-1,28,19
GCGTTGGACTAAGAGA-1,28,20
GCGTTGGAACTCAATA-1,28,21
GCGTTGGATCCTACCA-1,28,22
GCGTTGGAGCGTTGGA-1,28,23
GCGTTGGAGATCTTAC-1,28,24
GCGTTGGACTGATGGT-1,28,25
GCGTTGGACCGAGAAT-1,28,26
GCGTTGGAGCCGCAAC-1,28,27
GCGTTGGATGAGTCTG-1,28,28
GCGTTGGATGCGGACC-1,28,29
GCGTTGGAACGGAGGC-1,28,30
GCGTTGGATAGATCTA-1,28,31
GCGTTGGAAATTAAGA-1,28,32
GCGTTGGATTATTCAT-1,28,33
GCGTTGGATGCCGGCA-1,28,34
GCGTTGGATTACCGAG-1,28,35
GCGTTGGAATCATATT-1,28,36
GCGTTGGATGGTCAGC-1,28,37
GCGTTGGAACTATGCA-1,28,38
GCGTTGGACGACGCGA-1,28,39
GCGTTGGAGATACGGA-1,28,40
GCGTTGGATTATCCGG-1,28,41
GCGTTGGATCTGATAC-1,28,42
GCGTTGGAGAAGATCG-1,28,43
GCGTTGGAAAGAAGCT-1,28,44
GCGTTGGATCCGGCCT-1,28,45
GCGTTGGAAGAGAAGG-1,28,46
GCGTTGGACATACTCC-1,28,47
GCGTTGGAGCTAACTT-1,28,48
GCGTTGGAGGTATGCT-1,28,49
GCGTTGGAAACCTGCG-1,28,50
TCCTACCAATAAGGAG-1,29,1
TCCTACCACGAACGCC-1,29,2
TCCTACCAGGCTGAGC-1,29,3
TCCTACCACCGATTCC-1,29,4
TCCTACCAACCGCCAA-1,29,5
TCCTACCACCAGTTCC-1,29,6
TCCTACCAACTTAACC-1,29,7
TCCTACCACAACCGCT-1,29,8
TCCTACCAGACCTTGA-1,29,9
TCCTACCATAGAGTAA-1,29,10
TCCTACCAGCAGGTCC-1,29,11
TCCTACCATCGGCCTT-1,29,12
TCCTACCAAGAACGTC-1,29,13
TCCTACCACTTGCGCC-1,29,14
TCCTACCAGGTACTGC-1,29,15
TCCTACCATAGAATTA-1,29,16
TCCTACCAGCCATTCT-1,29,17
TCCTACCATTGACTTC-1,29,18
TCCTACCAAGAGCTAT-1,29,19
TCCTACCACTAAGAGA-1,29,20
TCCTACCAACTCAATA-1,29,21
TCCTACCATCCTACCA-1,29,22
TCCTACCAGCGTTGGA-1,29,23
TCCTACCAGATCTTAC-1,29,24
TCCTACCACTGATGGT-1,29,25
TCCTACCACCGAGAAT-1,29,26
TCCTACCAGCCGCAAC-1,29,27
TCCTACCATGAGTCTG-1,29,28
TCCTACCATGCGGACC-1,29,29
TCCTACCAACGGAGGC-1,29,30
TCCTACCATAGATCTA-1,29,31
TCCTACCAAATTAAGA-1,29,32
TCCTACCATTATTCAT-1,29,33
TCCTACCATGCCGGCA-1,29,34
TCCTACCATTACCGAG-1,29,35
TCCTACCAATCATATT-1,29,36
TCCTACCATGGTCAGC-1,29,37
TCCTACCAACTATGCA-1,29,38
TCCTACCACGACGCGA-1,29,39
TCCTACCAGATACGGA-1,29,40
TCCTACCATTATCCGG-1,29,41
TCCTACCATCTGATAC-1,29,42
TCCTACCAGAAGATCG-1,29,43
TCCTACCAAAGAAGCT-1,29,44
TCCTACCATCCGGCCT-1,29,45
TCCTACCAAGAGAAGG-1,29,46
TCCTACCACATACTCC-1,29,47
TCCTACCAGCTAACTT-1,29,48
TCCTACCAGGTATGCT-1,29,49
TCCTACCAAACCTGCG-1,29,50
ACTCAATAATAAGGAG-1,30,1
ACTCAATACGAACGCC-1,30,2
ACTCAATAGGCTGAGC-1,30,3
ACTCAATACCGATTCC-1,30,4
ACTCAATAACCGCCAA-1,30,5
ACTCAATACCAGTTCC-1,30,6
ACTCAATAACTTAACC-1,30,7
ACTCAATACAACCGCT-1,30,8
ACTCAATAGACCTTGA-1,30,9
ACTCAATATAGAGTAA-1,30,10
ACTCAATAGCAGGTCC-1,30,11
ACTCAATATCGGCCTT-1,30,12
ACTCAATAAGAACGTC-1,30,13
ACTCAATACTTGCGCC-1,30,14
ACTCAATAGGTACTGC-1,30,15
ACTCAATATAGAATTA-1,30,16
ACTCAATAGCCATTCT-1,30,17
ACTCAATATTGACTTC-1,30,18
ACTCAATAAGAGCTAT-1,30,19
ACTCAATACTAAGAGA-1,30,20
ACTCAATAACTCAATA-1,30,21
ACTCAATATCCTACCA-1,30,22
ACTCAATAGCGTTGGA-1,30,23
ACTCAATAGATCTTAC-1,30,24
ACTCAATACTGATGGT-1,30,25
ACTCAATACCGAGAAT-1,30,26
ACTCAATAGCCGCAAC-1,30,27
ACTCAATATGAGTCTG-1,30,28
ACTCAATATGCGGACC-1,30,29
ACTCAATAACGGAGGC-1,30,30
ACTCAATATAGATCTA-1,30,31
ACTCAATAAATTAAGA-1,30,32
ACTCAATATTATTCAT-1,30,33
ACTCAATATGCCGGCA-1,30,34
ACTCAATATTACCGAG-1,30,35
ACTCAATAATCATATT-1,30,36
ACTCAATATGGTCAGC-1,30,37
ACTCAATAACTATGCA-1,30,38
ACTCAATACGACGCGA-1,30,39
ACTCAATAGATACGGA-1,30,40
ACTCAATATTATCCGG-1,30,41
ACTCAATATCTGATAC-1,30,42
ACTCAATAGAAGATCG-1,30,43
ACTCAATAAAGAAGCT-1,30,44
ACTCAATATCCGGCCT-1,30,45
ACTCAATAAGAGAAGG-1,30,46
ACTCAATACATACTCC-1,30,47
ACTCAATAGCTAACTT-1,30,48
ACTCAATAGGTATGCT-1,30,49
ACTCAATAAACCTGCG-1,30,50
CTAAGAGAATAAGGAG-1,31,1
CTAAGAGACGAACGCC-1,31,2
CTAAGAGAGGCTGAGC-1,31,3
CTAAGAGACCGATTCC-1,31,4
CTAAGAGAACCGCCAA-1,31,5
CTAAGAGACCAGTTCC-1,31,6
CTAAGAGAACTTAACC-1,31,7
CTAAGAGACAACCGCT-1,31,8
CTAAGAGAGACCTTGA-1,31,9
CTAAGAGATAGAGTAA-1,31,10
CTAAGAGAGCAGGTCC-1,31,11
CTAAGAGATCGGCCTT-1,31,12
CTAAGAGAAGAACGTC-1,31,13
CTAAGAGACTTGCGCC-1,31,14
CTAAGAGAGGTACTGC-1,31,15
CTAAGAGATAGAATTA-1,31,16
CTAAGAGAGCCATTCT-1,31,17
CTAAGAGATTGACTTC-1,31,18
CTAAGAGAAGAGCTAT-1,31,19
CTAAGAGACTAAGAGA-1,31,20
CTAAGAGAACTCAATA-1,31,21
CTAAGAGATCCTACCA-1,31,22
CTAAGAGAGCGTTGGA-1,31,23
CTAAGAGAGATCTTAC-1,31,24
CTAAGAGACTGATGGT-1,31,25
CTAAGAGACCGAGAAT-1,31,26
CTAAGAGAGCCGCAAC-1,31,27
CTAAGAGATGAGTCTG-1,31,28
CTAAGAGATGCGGACC-1,31,29
CTAAGAGAACGGAGGC-1,31,30
CTAAGAGATAGATCTA-1,31,31
CTAAGAGAAATTAAGA-1,31,32
CTAAGAGATTATTCAT-1,31,33
CTAAGAGATGCCGGCA-1,31,34
CTAAGAGATTACCGAG-1,31,35
CTAAGAGAATCATATT-1,31,36
CTAAGAGATGGTCAGC-1,31,37
CTAAGAGAACTATGCA-1,31,38
CTAAGAGACGACGCGA-1,31,39
CTAAGAGAGATACGGA-1,31,40
CTAAGAGATTATCCGG-1,31,41
CTAAGAGATCTGATAC-1,31,42
CTAAGAGAGAAGATCG-1,31,43
CTAAGAGAAAGAAGCT-1,31,44
CTAAGAGATCCGGCCT-1,31,45
CTAAGAGAAGAGAAGG-1,31,46
CTAAGAGACATACTCC-1,31,47
CTAAGAGAGCTAACTT-1,31,48
CTAAGAGAGGTATGCT-1,31,49
CTAAGAGAAACCTGCG-1,31,50
AGAGCTATATAAGGAG-1,32,1
AGAGCTATCGAACGCC-1,32,2
AGAGCTATGGCTGAGC-1,32,3
AGAGCTATCCGATTCC-1,32,4
AGAGCTATACCGCCAA-1,32,5
AGAGCTATCCAGTTCC-1,32,6
AGAGCTATACTTAACC-1,32,7
AGAGCTATCAACCGCT-1,32,8
AGAGCTATGACCTTGA-1,32,9
AGAGCTATTAGAGTAA-1,32,10
AGAGCTATGCAGGTCC-1,32,11
AGAGCTATTCGGCCTT-1,32,12
AGAGCTATAGAACGTC-1,32,13
AGAGCTATCTTGCGCC-1,32,14
AGAGCTATGGTACTGC-1,32,15
AGAGCTATTAGAATTA-1,32,16
AGAGCTATGCCATTCT-1,32,17
AGAGCTATTTGACTTC-1,32,18
AGAGCTATAGAGCTAT-1,32,19
AGAGCTATCTAAGAGA-1,32,20
AGAGCTATACTCAATA-1,32,21
AGAGCTATTCCTACCA-1,32,22
AGAGCTATGCGTTGGA-1,32,23
AGAGCTATGATCTTAC-1,32,24
AGAGCTATCTGATGGT-1,32,25
AGAGCTATCCGAGAAT-1,32,26
AGAGCTATGCCGCAAC-1,32,27
AGAGCTATTGAGTCTG-1,32,28
AGAGCTATTGCGGACC-1,32,29
AGAGCTATACGGAGGC-1,32,30
AGAGCTATTAGATCTA-1,32,31
AGAGCTATAATTAAGA-1,32,32
AGAGCTATTTATTCAT-1,32,33
AGAGCTATTGCCGGCA-1,32,34
AGAGCTATTTACCGAG-1,32,35
AGAGCTATATCATATT-1,32,36
AGAGCTATTGGTCAGC-1,32,37
AGAGCTATACTATGCA-1,32,38
AGAGCTATCGACGCGA-1,32,39
AGAGCTATGATACGGA-1,32,40
AGAGCTATTTATCCGG-1,32,41
AGAGCTATTCTGATAC-1,32,42
AGAGCTATGAAGATCG-1,32,43
AGAGCTATAAGAAGCT-1,32,44
AGAGCTATTCCGGCCT-1,32,45
AGAGCTATAGAGAAGG-1,32,46
AGAGCTATCATACTCC-1,32,47
AGAGCTATGCTAACTT-1,32,48
AGAGCTATGGTATGCT-1,32,49
AGAGCTATAACCTGCG-1,32,50
TTGACTTCATAAGGAG-1,33,1
TTGACTTCCGAACGCC-1,33,2
TTGACTTCGGCTGAGC-1,33,3
TTGACTTCCCGATTCC-1,33,4
TTGACTTCACCGCCAA-1,33,5
TTGACTTCCCAGTTCC-1,33,6
TTGACTTCACTTAACC-1,33,7
TTGACTTCCAACCGCT-1,33,8
TTGACTTCGACCTTGA-1,33,9
TTGACTTCTAGAGTAA-1,33,10
TTGACTTCGCAGGTCC-1,33,11
TTGACTTCTCGGCCTT-1,33,12
TTGACTTCAGAACGTC-1,33,13
TTGACTTCCTTGCGCC-1,33,14
TTGACTTCGGTACTGC-1,33,15
TTGACTTCTAGAATTA-1,33,16
TTGACTTCGCCATTCT-1,33,17
TTGACTTCTTGACTTC-1,33,18
TTGACTTCAGAGCTAT-1,33,19
TTGACTTCCTAAGAGA-1,33,20
TTGACTTCACTCAATA-1,33,21
TTGACTTCTCCTACCA-1,33,22
TTGACTTCGCGTTGGA-1,33,23
TTGACTTCGATCTTAC-1,33,24
TTGACTTCCTGATGGT-1,33,25
TTGACTTCCCGAGAAT-1,33,26
TTGACTTCGCCGCAAC-1,33,27
TTGACTTCTGAGTCTG-1,33,28
TTGACTTCTGCGGACC-1,33,29
TTGACTTCACGGAGGC-1,33,30
TTGACTTCTAGATCTA-1,33,31
TTGACTTCAATTAAGA-1,33,32
TTGACTTCTTATTCAT-1,33,33
TTGACTTCTGCCGGCA-1,33,34
TTGACTTCTTACCGAG-1,33,35
TTGACTTCATCATATT-1,33,36
TTGACTTCTGGTCAGC-1,33,37
TTGACTTCACTATGCA-1,33,38
TTGACTTCCGACGCGA-1,33,39
TTGACTTCGATACGGA-1,33,40
TTGACTTCTTATCCGG-1,33,41
TTGACTTCTCTGATAC-1,33,42
TTGACTTCGAAGATCG-1,33,43
TTGACTTCAAGAAGCT-1,33,44
TTGACTTCTCCGGCCT-1,33,45
TTGACTTCAGAGAAGG-1,33,46
TTGACTTCCATACTCC-1,33,47
TTGACTTCGCTAACTT-1,33,48
TTGACTTCGGTATGCT-1,33,49
TTGACTTCAACCTGCG-1,33,50
GCCATTCTATAAGGAG-1,34,1
GCCATTCTCGAACGCC-1,34,2
GCCATTCTGGCTGAGC-1,34,3
GCCATTCTCCGATTCC-1,34,4
GCCATTCTACCGCCAA-1,34,5
GCCATTCTCCAGTTCC-1,34,6
GCCATTCTACTTAACC-1,34,7
GCCATTCTCAACCGCT-1,34,8
GCCATTCTGACCTTGA-1,34,9
GCCATTCTTAGAGTAA-1,34,10
GCCATTCTGCAGGTCC-1,34,11
GCCATTCTTCGGCCTT-1,34,12
GCCATTCTAGAACGTC-1,34,13
GCCATTCTCTTGCGCC-1,34,14
GCCATTCTGGTACTGC-1,34,15
GCCATTCTTAGAATTA-1,34,16
GCCATTCTGCCATTCT-1,34,17
GCCATTCTTTGACTTC-1,34,18
GCCATTCTAGAGCTAT-1,34,19
GCCATTCTCTAAGAGA-1,34,20
GCCATTCTACTCAATA-1,34,21
GCCATTCTTCCTACCA-1,34,22
GCCATTCTGCGTTGGA-1,34,23
GCCATTCTGATCTTAC-1,34,24
GCCATTCTCTGATGGT-1,34,25
GCCATTCTCCGAGAAT-1,34,26
GCCATTCTGCCGCAAC-1,34,27
GCCATTCTTGAGTCTG-1,34,28
GCCATTCTTGCGGACC-1,34,29
GCCATTCTACGGAGGC-1,34,30
GCCATTCTTAGATCTA-1,34,31
GCCATTCTAATTAAGA-1,34,32
GCCATTCTTTATTCAT-1,34,33
GCCATTCTTGCCGGCA-1,34,34
GCCATTCTTTACCGAG-1,34,35
GCCATTCTATCATATT-1,34,36
GCCATTCTTGGTCAGC-1,34,37
GCCATTCTACTATGCA-1,34,38
GCCATTCTCGACGCGA-1,34,39
GCCATTCTGATACGGA-1,34,40
GCCATTCTTTATCCGG-1,34,41
GCCATTCTTCTGATAC-1,34,42
GCCATTCTGAAGATCG-1,34,43
GCCATTCTAAGAAGCT-1,34,44
GCCATTCTTCCGGCCT-1,34,45
GCCATTCTAGAGAAGG-1,34,46
GCCATTCTCATACTCC-1,34,47
GCCATTCTGCTAACTT-1,34,48
GCCATTCTGGTATGCT-1,34,49
GCCATTCTAACCTGCG-1,34,50
TAGAATTAATAAGGAG-1,35,1
TAGAATTACGAACGCC-1,35,2
TAGAATTAGGCTGAGC-1,35,3
TAGAATTACCGATTCC-1,35,4
TAGAATTAACCGCCAA-1,35,5
TAGAATTACCAGTTCC-1,35,6
TAGAATTAACTTAACC-1,35,7
TAGAATTACAACCGCT-1,35,8
TAGAATTAGACCTTGA-1,35,9
TAGAATTATAGAGTAA-1,35,10
TAGAATTAGCAGGTCC-1,35,11
TAGAATTATCGGCCTT-1,35,12
TAGAATTAAGAACGTC-1,35,13
TAGAATTACTTGCGCC-1,35,14
TAGAATTAGGTACTGC-1,35,15
TAGAATTATAGAATTA-1,35,16
TAGAATTAGCCATTCT-1,35,17
TAGAATTATTGACTTC-1,35,18
TAGAATTAAGAGCTAT-1,35,19
TAGAATTACTAAGAGA-1,35,20
TAGAATTAACTCAATA-1,35,21
TAGAATTATCCTACCA-1,35,22
TAGAATTAGCGTTGGA-1,35,23
TAGAATTAGATCTTAC-1,35,24
TAGAATTACTGATGGT-1,35,25
TAGAATTACCGAGAAT-1,35,26
TAGAATTAGCCGCAAC-1,35,27
TAGAATTATGAGTCTG-1,35,28
TAGAATTATGCGGACC-1,35,29
TAGAATTAACGGAGGC-1,35,30
TAGAATTATAGATCTA-1,35,31
TAGAATTAAATTAAGA-1,35,32
TAGAATTATTATTCAT-1,35,33
TAGAATTATGCCGGCA-1,35,34
TAGAATTATTACCGAG-1,35,35
TAGAATTAATCATATT-1,35,36
TAGAATTATGGTCAGC-1,35,37
TAGAATTAACTATGCA-1,35,38
TAGAATTACGACGCGA-1,35,39
TAGAATTAGATACGGA-1,35,40
TAGAATTATTATCCGG-1,35,41
TAGAATTATCTGATAC-1,35,42
TAGAATTAGAAGATCG-1,35,43
TAGAATTAAAGAAGCT-1,35,44
TAGAATTATCCGGCCT-1,35,45
TAGAATTAAGAGAAGG-1,35,46
TAGAATTACATACTCC-1,35,47
TAGAATTAGCTAACTT-1,35,48
TAGAATTAGGTATGCT-1,35,49
TAGAATTAAACCTGCG-1,35,50
GGTACTGCATAAGGAG-1,36,1
GGTACTGCCGAACGCC-1,36,2
GGTACTGCGGCTGAGC-1,36,3
GGTACTGCCCGATTCC-1,36,4
GGTACTGCACCGCCAA-1,36,5
GGTACTGCCCAGTTCC-1,36,6
GGTACTGCACTTAACC-1,36,7
GGTACTGCCAACCGCT-1,36,8
GGTACTGCGACCTTGA-1,36,9
GGTACTGCTAGAGTAA-1,36,10
GGTACTGCGCAGGTCC-1,36,11
GGTACTGCTCGGCCTT-1,36,12
GGTACTGCAGAACGTC-1,36,13
GGTACTGCCTTGCGCC-1,36,14
GGTACTGCGGTACTGC-1,36,15
GGTACTGCTAGAATTA-1,36,16
GGTACTGCGCCATTCT-1,36,17
GGTACTGCTTGACTTC-1,36,18
GGTACTGCAGAGCTAT-1,36,19
GGTACTGCCTAAGAGA-1,36,20
GGTACTGCACTCAATA-1,36,21
GGTACTGCTCCTACCA-1,36,22
GGTACTGCGCGTTGGA-1,36,23
GGTACTGCGATCTTAC-1,36,24
GGTACTGCCTGATGGT-1,36,25
GGTACTGCCCGAGAAT-1,36,26
GGTACTGCGCCGCAAC-1,36,27
GGTACTGCTGAGTCTG-1,36,28
GGTACTGCTGCGGACC-1,36,29
GGTACTGCACGGAGGC-1,36,30
GGTACTGCTAGATCTA-1,36,31
GGTACTGCAATTAAGA-1,36,32
GGTACTGCTTATTCAT-1,36,33
GGTACTGCTGCCGGCA-1,36,34
GGTACTGCTTACCGAG-1,36,35
GGTACTGCATCATATT-1,36,36
GGTACTGCTGGTCAGC-1,36,37
GGTACTGCACTATGCA-1,36,38
GGTACTGCCGACGCGA-1,36,39
GGTACTGCGATACGGA-1,36,40
GGTACTGCTTATCCGG-1,36,41
GGTACTGCTCTGATAC-1,36,42
GGTACTGCGAAGATCG-1,36,43
GGTACTGCAAGAAGCT-1,36,44
GGTACTGCTCCGGCCT-1,36,45
GGTACTGCAGAGAAGG-1,36,46
GGTACTGCCATACTCC-1,36,47
GGTACTGCGCTAACTT-1,36,48
GGTACTGCGGTATGCT-1,36,49
GGTACTGCAACCTGCG-1,36,50
CTTGCGCCATAAGGAG-1,37,1
CTTGCGCCCGAACGCC-1,37,2
CTTGCGCCGGCTGAGC-1,37,3
CTTGCGCCCCGATTCC-1,37,4
CTTGCGCCACCGCCAA-1,37,5
CTTGCGCCCCAGTTCC-1,37,6
CTTGCGCCACTTAACC-1,37,7
CTTGCGCCCAACCGCT-1,37,8
CTTGCGCCGACCTTGA-1,37,9
CTTGCGCCTAGAGTAA-1,37,10
CTTGCGCCGCAGGTCC-1,37,11
CTTGCGCCTCGGCCTT-1,37,12
CTTGCGCCAGAACGTC-1,37,13
CTTGCGCCCTTGCGCC-1,37,14
CTTGCGCCGGTACTGC-1,37,15
CTTGCGCCTAGAATTA-1,37,16
CTTGCGCCGCCATTCT-1,37,17
CTTGCGCCTTGACTTC-1,37,18
CTTGCGCCAGAGCTAT-1,37,19
CTTGCGCCCTAAGAGA-1,37,20
CTTGCGCCACTCAATA-1,37,21
CTTGCGCCTCCTACCA-1,37,22
CTTGCGCCGCGTTGGA-1,37,23
CTTGCGCCGATCTTAC-1,37,24
CTTGCGCCCTGATGGT-1,37,25
CTTGCGCCCCGAGAAT-1,37,26
CTTGCGCCGCCGCAAC-1,37,27
CTTGCGCCTGAGTCTG-1,37,28
CTTGCGCCTGCGGACC-1,37,29
CTTGCGCCACGGAGGC-1,37,30
CTTGCGCCTAGATCTA-1,37,31
CTTGCGCCAATTAAGA-1,37,32
CTTGCGCCTTATTCAT-1,37,33
CTTGCGCCTGCCGGCA-1,37,34
CTTGCGCCTTACCGAG-1,37,35
CTTGCGCCATCATATT-1,37,36
CTTGCGCCTGGTCAGC-1,37,37
CTTGCGCCACTATGCA-1,37,38
CTTGCGCCCGACGCGA-1,37,39
CTTGCGCCGATACGGA-1,37,40
CTTGCGCCTTATCCGG-1,37,41
CTTGCGCCTCTGATAC-1,37,42
CTTGCGCCGAAGATCG-1,37,43
CTTGCGCCAAGAAGCT-1,37,44
CTTGCGCCTCCGGCCT-1,37,45
CTTGCGCCAGAGAAGG-1,37,46
CTTGCGCCCATACTCC-1,37,47
CTTGCGCCGCTAACTT-1,37,48
CTTGCGCCGGTATGCT-1,37,49
CTTGCGCCAACCTGCG-1,37,50
AGAACGTCATAAGGAG-1,38,1
AGAACGTCCGAACGCC-1,38,2
AGAACGTCGGCTGAGC-1,38,3
AGAACGTCCCGATTCC-1,38,4
AGAACGTCACCGCCAA-1,38,5
AGAACGTCCCAGTTCC-1,38,6
AGAACGTCACTTAACC-1,38,7
AGAACGTCCAACCGCT-1,38,8
AGAACGTCGACCTTGA-1,38,9
AGAACGTCTAGAGTAA-1,38,10
AGAACGTCGCAGGTCC-1,38,11
AGAACGTCTCGGCCTT-1,38,12
AGAACGTCAGAACGTC-1,38,13
AGAACGTCCTTGCGCC-1,38,14
AGAACGTCGGTACTGC-1,38,15
AGAACGTCTAGAATTA-1,38,16
AGAACGTCGCCATTCT-1,38,17
AGAACGTCTTGACTTC-1,38,18
AGAACGTCAGAGCTAT-1,38,19
AGAACGTCCTAAGAGA-1,38,20
AGAACGTCACTCAATA-1,38,21
AGAACGTCTCCTACCA-1,38,22
AGAACGTCGCGTTGGA-1,38,23
AGAACGTCGATCTTAC-1,38,24
AGAACGTCCTGATGGT-1,38,25
AGAACGTCCCGAGAAT-1,38,26
AGAACGTCGCCGCAAC-1,38,27
AGAACGTCTGAGTCTG-1,38,28
AGAACGTCTGCGGACC-1,38,29
AGAACGTCACGGAGGC-1,38,30
AGAACGTCTAGATCTA-1,38,31
AGAACGTCAATTAAGA-1,38,32
AGAACGTCTTATTCAT-1,38,33
AGAACGTCTGCCGGCA-1,38,34
AGAACGTCTTACCGAG-1,38,35
AGAACGTCATCATATT-1,38,36
AGAACGTCTGGTCAGC-1,38,37
AGAACGTCACTATGCA-1,38,38
AGAACGTCCGACGCGA-1,38,39
AGAACGTCGATACGGA-1,38,40
AGAACGTCTTATCCGG-1,38,41
AGAACGTCTCTGATAC-1,38,42
AGAACGTCGAAGATCG-1,38,43
AGAACGTCAAGAAGCT-1,38,44
AGAACGTCTCCGGCCT-1,38,45
AGAACGTCAGAGAAGG-1,38,46
AGAACGTCCATACTCC-1,38,47
AGAACGTCGCTAACTT-1,38,48
AGAACGTCGGTATGCT-1,38,49
AGAACGTCAACCTGCG-1,38,50
TCGGCCTTATAAGGAG-1,39,1
TCGGCCTTCGAACGCC-1,39,2
TCGGCCTTGGCTGAGC-1,39,3
TCGGCCTTCCGATTCC-1,39,4
TCGGCCTTACCGCCAA-1,39,5
TCGGCCTTCCAGTTCC-1,39,6
TCGGCCTTACTTAACC-1,39,7
TCGGCCTTCAACCGCT-1,39,8
TCGGCCTTGACCTTGA-1,39,9
TCGGCCTTTAGAGTAA-1,39,10
TCGGCCTTGCAGGTCC-1,39,11
TCGGCCTTTCGGCCTT-1,39,12
TCGGCCTTAGAACGTC-1,39,13
TCGGCCTTCTTGCGCC-1,39,14
TCGGCCTTGGTACTGC-1,39,15
TCGGCCTTTAGAATTA-1,39,16
TCGGCCTTGCCATTCT-1,39,17
TCGGCCTTTTGACTTC-1,39,18
TCGGCCTTAGAGCTAT-1,39,19
TCGGCCTTCTAAGAGA-1,39,20
TCGGCCTTACTCAATA-1,39,21
TCGGCCTTTCCTACCA-1,39,22
TCGGCCTTGCGTTGGA-1,39,23
TCGGCCTTGATCTTAC-1,39,24
TCGGCCTTCTGATGGT-1,39,25
TCGGCCTTCCGAGAAT-1,39,26
TCGGCCTTGCCGCAAC-1,39,27
TCGGCCTTTGAGTCTG-1,39,28
TCGGCCTTTGCGGACC-1,39,29
TCGGCCTTACGGAGGC-1,39,30
TCGGCCTTTAGATCTA-1,39,31
TCGGCCTTAATTAAGA-1,39,32
TCGGCCTTTTATTCAT-1,39,33
TCGGCCTTTGCCGGCA-1,39,34
TCGGCCTTTTACCGAG-1,39,35
TCGGCCTTATCATATT-1,39,36
TCGGCCTTTGGTCAGC-1,39,37
TCGGCCTTACTATGCA-1,39,38
TCGGCCTTCGACGCGA-1,39,39
TCGGCCTTGATACGGA-1,39,40
TCGGCCTTTTATCCGG-1,39,41
TCGGCCTTTCTGATAC-1,39,42
TCGGCCTTGAAGATCG-1,39,43
TCGGCCTTAAGAAGCT-1,39,44
TCGGCCTTTCCGGCCT-1,39,45
TCGGCCTTAGAGAAGG-1,39,46
TCGGCCTTCATACTCC-1,39,47
TCGGCCTTGCTAACTT-1,39,48
TCGGCCTTGGTATGCT-1,39,49
TCGGCCTTAACCTGCG-1,39,50
GCAGGTCCATAAGGAG-1,40,1
GCAGGTCCCGAACGCC-1,40,2
GCAGGTCCGGCTGAGC-1,40,3
GCAGGTCCCCGATTCC-1,40,4
GCAGGTCCACCGCCAA-1,40,5
GCAGGTCCCCAGTTCC-1,40,6
GCAGGTCCACTTAACC-1,40,7
GCAGGTCCCAACCGCT-1,40,8
GCAGGTCCGACCTTGA-1,40,9
GCAGGTCCTAGAGTAA-1,40,10
GCAGGTCCGCAGGTCC-1,40,11
GCAGGTCCTCGGCCTT-1,40,12
GCAGGTCCAGAACGTC-1,40,13
GCAGGTCCCTTGCGCC-1,40,14
GCAGGTCCGGTACTGC-1,40,15
GCAGGTCCTAGAATTA-1,40,16
GCAGGTCCGCCATTCT-1,40,17
GCAGGTCCTTGACTTC-1,40,18
GCAGGTCCAGAGCTAT-1,40,19
GCAGGTCCCTAAGAGA-1,40,20
GCAGGTCCACTCAATA-1,40,21
GCAGGTCCTCCTACCA-1,40,22
GCAGGTCCGCGTTGGA-1,40,23
GCAGGTCCGATCTTAC-1,40,24
GCAGGTCCCTGATGGT-1,40,25
GCAGGTCCCCGAGAAT-1,40,26
GCAGGTCCGCCGCAAC-1,40,27
GCAGGTCCTGAGTCTG-1,40,28
GCAGGTCCTGCGGACC-1,40,29
GCAGGTCCACGGAGGC-1,40,30
GCAGGTCCTAGATCTA-1,40,31
GCAGGTCCAATTAAGA-1,40,32
GCAGGTCCTTATTCAT-1,40,33
GCAGGTCCTGCCGGCA-1,40,34
GCAGGTCCTTACCGAG-1,40,35
GCAGGTCCATCATATT-1,40,36
GCAGGTCCTGGTCAGC-1,40,37
GCAGGTCCACTATGCA-1,40,38
GCAGGTCCCGACGCGA-1,40,39
GCAGGTCCGATACGGA-1,40,40
GCAGGTCCTTATCCGG-1,40,41
GCAGGTCCTCTGATAC-1,40,42
GCAGGTCCGAAGATCG-1,40,43
GCAGGTCCAAGAAGCT-1,40,44
GCAGGTCCTCCGGCCT-1,40,45
GCAGGTCCAGAGAAGG-1,40,46
GCAGGTCCCATACTCC-1,40,47
GCAGGTCCGCTAACTT-1,40,48
GCAGGTCCGGTATGCT-1,40,49
GCAGGTCCAACCTGCG-1,40,50
TAGAGTAAATAAGGAG-1,41,1
TAGAGTAACGAACGCC-1,41,2
TAGAGTAAGGCTGAGC-1,41,3
TAGAGTAACCGATTCC-1,41,4
TAGAGTAAACCGCCAA-1,41,5
TAGAGTAACCAGTTCC-1,41,6
TAGAGTAAACTTAACC-1,41,7
TAGAGTAACAACCGCT-1,41,8
TAGAGTAAGACCTTGA-1,41,9
TAGAGTAATAGAGTAA-1,41,10
TAGAGTAAGCAGGTCC-1,41,11
TAGAGTAATCGGCCTT-1,41,12
TAGAGTAAAGAACGTC-1,41,13
TAGAGTAACTTGCGCC-1,41,14
TAGAGTAAGGTACTGC-1,41,15
TAGAGTAATAGAATTA-1,41,16
TAGAGTAAGCCATTCT-1,41,17
TAGAGTAATTGACTTC-1,41,18
TAGAGTAAAGAGCTAT-1,41,19
TAGAGTAACTAAGAGA-1,41,20
TAGAGTAAACTCAATA-1,41,21
TAGAGTAATCCTACCA-1,41,22
TAGAGTAAGCGTTGGA-1,41,23
TAGAGTAAGATCTTAC-1,41,24
TAGAGTAACTGATGGT-1,41,25
TAGAGTAACCGAGAAT-1,41,26
TAGAGTAAGCCGCAAC-1,41,27
TAGAGTAATGAGTCTG-1,41,28
TAGAGTAATGCGGACC-1,41,29
TAGAGTAAACGGAGGC-1,41,30
TAGAGTAATAGATCTA-1,41,31
TAGAGTAAAATTAAGA-1,41,32
TAGAGTAATTATTCAT-1,41,33
TAGAGTAATGCCGGCA-1,41,34
TAGAGTAATTACCGAG-1,41,35
TAGAGTAAATCATATT-1,41,36
TAGAGTAATGGTCAGC-1,41,37
TAGAGTAAACTATGCA-1,41,38
TAGAGTAACGACGCGA-1,41,39
TAGAGTAAGATACGGA-1,41,40
TAGAGTAATTATCCGG-1,41,41
TAGAGTAATCTGATAC-1,41,42
TAGAGTAAGAAGATCG-1,41,43
TAGAGTAAAAGAAGCT-1,41,44
TAGAGTAATCCGGCCT-1,41,45
TAGAGTAAAGAGAAGG-1,41,46
TAGAGTAACATACTCC-1,41,47
TAGAGTAAGCTAACTT-1,41,48
TAGAGTAAGGTATGCT-1,41,49
TAGAGTAAAACCTGCG-1,41,50
GACCTTGAATAAGGAG-1,42,1
GACCTTGACGAACGCC-1,42,2
GACCTTGAGGCTGAGC-1,42,3
GACCTTGACCGATTCC-1,42,4
GACCTTGAACCGCCAA-1,42,5
GACCTTGACCAGTTCC-1,42,6
GACCTTGAACTTAACC-1,42,7
GACCTTGACAACCGCT-1,42,8
GACCTTGAGACCTTGA-1,42,9
GACCTTGATAGAGTAA-1,42,10
GACCTTGAGCAGGTCC-1,42,11
GACCTTGATCGGCCTT-1,42,12
GACCTTGAAGAACGTC-1,42,13
GACCTTGACTTGCGCC-1,42,14
GACCTTGAGGTACTGC-1,42,15
GACCTTGATAGAATTA-1,42,16
GACCTTGAGCCATTCT-1,42,17
GACCTTGATTGACTTC-1,42,18
GACCTTGAAGAGCTAT-1,42,19
GACCTTGACTAAGAGA-1,42,20
GACCTTGAACTCAATA-1,42,21
GACCTTGATCCTACCA-1,42,22
GACCTTGAGCGTTGGA-1,42,23
GACCTTGAGATCTTAC-1,42,24
GACCTTGACTGATGGT-1,42,25
GACCTTGACCGAGAAT-1,42,26
GACCTTGAGCCGCAAC-1,42,27
GACCTTGATGAGTCTG-1,42,28
GACCTTGATGCGGACC-1,42,29
GACCTTGAACGGAGGC-1,42,30
GACCTTGATAGATCTA-1,42,31
GACCTTGAAATTAAGA-1,42,32
GACCTTGATTATTCAT-1,42,33
GACCTTGATGCCGGCA-1,42,34
GACCTTGATTACCGAG-1,42,35
GACCTTGAATCATATT-1,42,36
GACCTTGATGGTCAGC-1,42,37
GACCTTGAACTATGCA-1,42,38
GACCTTGACGACGCGA-1,42,39
GACCTTGAGATACGGA-1,42,40
GACCTTGATTATCCGG-1,42,41
GACCTTGATCTGATAC-1,42,42
GACCTTGAGAAGATCG-1,42,43
GACCTTGAAAGAAGCT-1,42,44
GACCTTGATCCGGCCT-1,42,45
GACCTTGAAGAGAAGG-1,42,46
GACCTTGACATACTCC-1,42,47
GACCTTGAGCTAACTT-1,42,48
GACCTTGAGGTATGCT-1,42,49
GACCTTGAAACCTGCG-1,42,50
CAACCGCTATAAGGAG-1,43,1
CAACCGCTCGAACGCC-1,43,2
CAACCGCTGGCTGAGC-1,43,3
CAACCGCTCCGATTCC-1,43,4
CAACCGCTACCGCCAA-1,43,5
CAACCGCTCCAGTTCC-1,43,6
CAACCGCTACTTAACC-1,43,7
CAACCGCTCAACCGCT-1,43,8
CAACCGCTGACCTTGA-1,43,9
CAACCGCTTAGAGTAA-1,43,10
CAACCGCTGCAGGTCC-1,43,11
CAACCGCTTCGGCCTT-1,43,12
CAACCGCTAGAACGTC-1,43,13
CAACCGCTCTTGCGCC-1,43,14
CAACCGCTGGTACTGC-1,43,15
CAACCGCTTAGAATTA-1,43,16
CAACCGCTGCCATTCT-1,43,17
CAACCGCTTTGACTTC-1,43,18
CAACCGCTAGAGCTAT-1,43,19
CAACCGCTCTAAGAGA-1,43,20
CAACCGCTACTCAATA-1,43,21
CAACCGCTTCCTACCA-1,43,22
CAACCGCTGCGTTGGA-1,43,23
CAACCGCTGATCTTAC-1,43,24
CAACCGCTCTGATGGT-1,43,25
CAACCGCTCCGAGAAT-1,43,26
CAACCGCTGCCGCAAC-1,43,27
CAACCGCTTGAGTCTG-1,43,28
CAACCGCTTGCGGACC-1,43,29
CAACCGCTACGGAGGC-1,43,30
CAACCGCTTAGATCTA-1,43,31
CAACCGCTAATTAAGA-1,43,32
CAACCGCTTTATTCAT-1,43,33
CAACCGCTTGCCGGCA-1,43,34
CAACCGCTTTACCGAG-1,43,35
CAACCGCTATCATATT-1,43,36
CAACCGCTTGGTCAGC-1,43,37
CAACCGCTACTATGCA-1,43,38
CAACCGCTCGACGCGA-1,43,39
CAACCGCTGATACGGA-1,43,40
CAACCGCTTTATCCGG-1,43,41
CAACCGCTTCTGATAC-1,43,42
CAACCGCTGAAGATCG-1,43,43
CAACCGCTAAGAAGCT-1,43,44
CAACCGCTTCCGGCCT-1,43,45
CAACCGCTAGAGAAGG-1,43,46
CAACCGCTCATACTCC-1,43,47
CAACCGCTGCTAACTT-1,43,48
CAACCGCTGGTATGCT-1,43,49
CAACCGCTAACCTGCG-1,43,50
ACTTAACCATAAGGAG-1,44,1
ACTTAACCCGAACGCC-1,44,2
ACTTAACCGGCTGAGC-1,44,3
ACTTAACCCCGATTCC-1,44,4
ACTTAACCACCGCCAA-1,44,5
ACTTAACCCCAGTTCC-1,44,6
ACTTAACCACTTAACC-1,44,7
ACTTAACCCAACCGCT-1,44,8
ACTTAACCGACCTTGA-1,44,9
ACTTAACCTAGAGTAA-1,44,10
ACTTAACCGCAGGTCC-1,44,11
ACTTAACCTCGGCCTT-1,44,12
ACTTAACCAGAACGTC-1,44,13
ACTTAACCCTTGCGCC-1,44,14
ACTTAACCGGTACTGC-1,44,15
ACTTAACCTAGAATTA-1,44,16
ACTTAACCGCCATTCT-1,44,17
ACTTAACCTTGACTTC-1,44,18
ACTTAACCAGAGCTAT-1,44,19
ACTTAACCCTAAGAGA-1,44,20
ACTTAACCACTCAATA-1,44,21
ACTTAACCTCCTACCA-1,44,22
ACTTAACCGCGTTGGA-1,44,23
ACTTAACCGATCTTAC-1,44,24
ACTTAACCCTGATGGT-1,44,25
ACTTAACCCCGAGAAT-1,44,26
ACTTAACCGCCGCAAC-1,44,27
ACTTAACCTGAGTCTG-1,44,28
ACTTAACCTGCGGACC-1,44,29
ACTTAACCACGGAGGC-1,44,30
ACTTAACCTAGATCTA-1,44,31
ACTTAACCAATTAAGA-1,44,32
ACTTAACCTTATTCAT-1,44,33
ACTTAACCTGCCGGCA-1,44,34
ACTTAACCTTACCGAG-1,44,35
ACTTAACCATCATATT-1,44,36
ACTTAACCTGGTCAGC-1,44,37
ACTTAACCACTATGCA-1,44,38
ACTTAACCCGACGCGA-1,44,39
ACTTAACCGATACGGA-1,44,40
ACTTAACCTTATCCGG-1,44,41
ACTTAACCTCTGATAC-1,44,42
ACTTAACCGAAGATCG-1,44,43
ACTTAACCAAGAAGCT-1,44,44
ACTTAACCTCCGGCCT-1,44,45
ACTTAACCAGAGAAGG-1,44,46
ACTTAACCCATACTCC-1,44,47
ACTTAACCGCTAACTT-1,44,48
ACTTAACCGGTATGCT-1,44,49
ACTTAACCAACCTGCG-1,44,50
CCAGTTCCATAAGGAG-1,45,1
CCAGTTCCCGAACGCC-1,45,2
CCAGTTCCGGCTGAGC-1,45,3
CCAGTTCCCCGATTCC-1,45,4
CCAGTTCCACCGCCAA-1,45,5
CCAGTTCCCCAGTTCC-1,45,6
CCAGTTCCACTTAACC-1,45,7
CCAGTTCCCAACCGCT-1,45,8
CCAGTTCCGACCTTGA-1,45,9
CCAGTTCCTAGAGTAA-1,45,10
CCAGTTCCGCAGGTCC-1,45,11
CCAGTTCCTCGGCCTT-1,45,12
CCAGTTCCAGAACGTC-1,45,13
CCAGTTCCCTTGCGCC-1,45,14
CCAGTTCCGGTACTGC-1,45,15
CCAGTTCCTAGAATTA-1,45,16
CCAGTTCCGCCATTCT-1,45,17
CCAGTTCCTTGACTTC-1,45,18
CCAGTTCCAGAGCTAT-1,45,19
CCAGTTCCCTAAGAGA-1,45,20
CCAGTTCCACTCAATA-1,45,21
CCAGTTCCTCCTACCA-1,45,22
CCAGTTCCGCGTTGGA-1,45,23
CCAGTTCCGATCTTAC-1,45,24
CCAGTTCCCTGATGGT-1,45,25
CCAGTTCCCCGAGAAT-1,45,26
CCAGTTCCGCCGCAAC-1,45,27
CCAGTTCCTGAGTCTG-1,45,28
CCAGTTCCTGCGGACC-1,45,29
CCAGTTCCACGGAGGC-1,45,30
CCAGTTCCTAGATCTA-1,45,31
CCAGTTCCAATTAAGA-1,45,32
CCAGTTCCTTATTCAT-1,45,33
CCAGTTCCTGCCGGCA-1,45,34
CCAGTTCCTTACCGAG-1,45,35
CCAGTTCCATCATATT-1,45,36
CCAGTTCCTGGTCAGC-1,45,37
CCAGTTCCACTATGCA-1,45,38
CCAGTTCCCGACGCGA-1,45,39
CCAGTTCCGATACGGA-1,45,40
CCAGTTCCTTATCCGG-1,45,41
CCAGTTCCTCTGATAC-1,45,42
CCAGTTCCGAAGATCG-1,45,43
CCAGTTCCAAGAAGCT-1,45,44
CCAGTTCCTCCGGCCT-1,45,45
CCAGTTCCAGAGAAGG-1,45,46
CCAGTTCCCATACTCC-1,45,47
CCAGTTCCGCTAACTT-1,45,48
CCAGTTCCGGTATGCT-1,45,49
CCAGTTCCAACCTGCG-1,45,50
ACCGCCAAATAAGGAG-1,46,1
ACCGCCAACGAACGCC-1,46,2
ACCGCCAAGGCTGAGC-1,46,3
ACCGCCAACCGATTCC-1,46,4
ACCGCCAAACCGCCAA-1,46,5
ACCGCCAACCAGTTCC-1,46,6
ACCGCCAAACTTAACC-1,46,7
ACCGCCAACAACCGCT-1,46,8
ACCGCCAAGACCTTGA-1,46,9
ACCGCCAATAGAGTAA-1,46,10
ACCGCCAAGCAGGTCC-1,46,11
ACCGCCAATCGGCCTT-1,46,12
ACCGCCAAAGAACGTC-1,46,13
ACCGCCAACTTGCGCC-1,46,14
ACCGCCAAGGTACTGC-1,46,15
ACCGCCAATAGAATTA-1,46,16
ACCGCCAAGCCATTCT-1,46,17
ACCGCCAATTGACTTC-1,46,18
ACCGCCAAAGAGCTAT-1,46,19
ACCGCCAACTAAGAGA-1,46,20
ACCGCCAAACTCAATA-1,46,21
ACCGCCAATCCTACCA-1,46,22
ACCGCCAAGCGTTGGA-1,46,23
ACCGCCAAGATCTTAC-1,46,24
ACCGCCAACTGATGGT-1,46,25
ACCGCCAACCGAGAAT-1,46,26
ACCGCCAAGCCGCAAC-1,46,27
ACCGCCAATGAGTCTG-1,46,28
ACCGCCAATGCGGACC-1,46,29
ACCGCCAAACGGAGGC-1,46,30
ACCGCCAATAGATCTA-1,46,31
ACCGCCAAAATTAAGA-1,46,32
ACCGCCAATTATTCAT-1,46,33
ACCGCCAATGCCGGCA-1,46,34
ACCGCCAATTACCGAG-1,46,35
ACCGCCAAATCATATT-1,46,36
ACCGCCAATGGTCAGC-1,46,37
ACCGCCAAACTATGCA-1,46,38
ACCGCCAACGACGCGA-1,46,39
ACCGCCAAGATACGGA-1,46,40
ACCGCCAATTATCCGG-1,46,41
ACCGCCAATCTGATAC-1,46,42
ACCGCCAAGAAGATCG-1,46,43
ACCGCCAAAAGAAGCT-1,46,44
ACCGCCAATCCGGCCT-1,46,45
ACCGCCAAAGAGAAGG-1,46,46
ACCGCCAACATACTCC-1,46,47
ACCGCCAAGCTAACTT-1,46,48
ACCGCCAAGGTATGCT-1,46,49
ACCGCCAAAACCTGCG-1,46,50
CCGATTCCATAAGGAG-1,47,1
CCGATTCCCGAACGCC-1,47,2
CCGATTCCGGCTGAGC-1,47,3
CCGATTCCCCGATTCC-1,47,4
CCGATTCCACCGCCAA-1,47,5
CCGATTCCCCAGTTCC-1,47,6
CCGATTCCACTTAACC-1,47,7
CCGATTCCCAACCGCT-1,47,8
CCGATTCCGACCTTGA-1,47,9
CCGATTCCTAGAGTAA-1,47,10
CCGATTCCGCAGGTCC-1,47,11
CCGATTCCTCGGCCTT-1,47,12
CCGATTCCAGAACGTC-1,47,13
CCGATTCCCTTGCGCC-1,47,14
CCGATTCCGGTACTGC-1,47,15
CCGATTCCTAGAATTA-1,47,16
CCGATTCCGCCATTCT-1,47,17
CCGATTCCTTGACTTC-1,47,18
CCGATTCCAGAGCTAT-1,47,19
CCGATTCCCTAAGAGA-1,47,20
CCGATTCCACTCAATA-1,47,21
CCGATTCCTCCTACCA-1,47,22
CCGATTCCGCGTTGGA-1,47,23
CCGATTCCGATCTTAC-1,47,24
CCGATTCCCTGATGGT-1,47,25
CCGATTCCCCGAGAAT-1,47,26
CCGATTCCGCCGCAAC-1,47,27
CCGATTCCTGAGTCTG-1,47,28
CCGATTCCTGCGGACC-1,47,29
CCGATTCCACGGAGGC-1,47,30
CCGATTCCTAGATCTA-1,47,31
CCGATTCCAATTAAGA-1,47,32
CCGATTCCTTATTCAT-1,47,33
CCGATTCCTGCCGGCA-1,47,34
CCGATTCCTTACCGAG-1,47,35
CCGATTCCATCATATT-1,47,36
CCGATTCCTGGTCAGC-1,47,37
CCGATTCCACTATGCA-1,47,38
CCGATTCCCGACGCGA-1,47,39
CCGATTCCGATACGGA-1,47,40
CCGATTCCTTATCCGG-1,47,41
CCGATTCCTCTGATAC-1,47,42
CCGATTCCGAAGATCG-1,47,43
CCGATTCCAAGAAGCT-1,47,44
CCGATTCCTCCGGCCT-1,47,45
CCGATTCCAGAGAAGG-1,47,46
CCGATTCCCATACTCC-1,47,47
CCGATTCCGCTAACTT-1,47,48
CCGATTCCGGTATGCT-1,47,49
CCGATTCCAACCTGCG-1,47,50
GGCTGAGCATAAGGAG-1,48,1
GGCTGAGCCGAACGCC-1,48,2
GGCTGAGCGGCTGAGC-1,48,3
GGCTGAGCCCGATTCC-1,48,4
GGCTGAGCACCGCCAA-1,48,5
GGCTGAGCCCAGTTCC-1,48,6
GGCTGAGCACTTAACC-1,48,7
GGCTGAGCCAACCGCT-1,48,8
GGCTGAGCGACCTTGA-1,48,9
GGCTGAGCTAGAGTAA-1,48,10
GGCTGAGCGCAGGTCC-1,48,11
GGCTGAGCTCGGCCTT-1,48,12
GGCTGAGCAGAACGTC-1,48,13
GGCTGAGCCTTGCGCC-1,48,14
GGCTGAGCGGTACTGC-1,48,15
GGCTGAGCTAGAATTA-1,48,16
GGCTGAGCGCCATTCT-1,48,17
GGCTGAGCTTGACTTC-1,48,18
GGCTGAGCAGAGCTAT-1,48,19
GGCTGAGCCTAAGAGA-1,48,20
GGCTGAGCACTCAATA-1,48,21
GGCTGAGCTCCTACCA-1,48,22
GGCTGAGCGCGTTGGA-1,48,23
GGCTGAGCGATCTTAC-1,48,24
GGCTGAGCCTGATGGT-1,48,25
GGCTGAGCCCGAGAAT-1,48,26
GGCTGAGCGCCGCAAC-1,48,27
GGCTGAGCTGAGTCTG-1,48,28
GGCTGAGCTGCGGACC-1,48,29
GGCTGAGCACGGAGGC-1,48,30
GGCTGAGCTAGATCTA-1,48,31
GGCTGAGCAATTAAGA-1,48,32
GGCTGAGCTTATTCAT-1,48,33
GGCTGAGCTGCCGGCA-1,48,34
GGCTGAGCTTACCGAG-1,48,35
GGCTGAGCATCATATT-1,48,36
GGCTGAGCTGGTCAGC-1,48,37
GGCTGAGCACTATGCA-1,48,38
GGCTGAGCCGACGCGA-1,48,39
GGCTGAGCGATACGGA-1,48,40
GGCTGAGCTTATCCGG-1,48,41
GGCTGAGCTCTGATAC-1,48,42
GGCTGAGCGAAGATCG-1,48,43
GGCTGAGCAAGAAGCT-1,48,44
GGCTGAGCTCCGGCCT-1,48,45
GGCTGAGCAGAGAAGG-1,48,46
GGCTGAGCCATACTCC-1,48,47
GGCTGAGCGCTAACTT-1,48,48
GGCTGAGCGGTATGCT-1,48,49
GGCTGAGCAACCTGCG-1,48,50
CGAACGCCATAAGGAG-1,49,1
CGAACGCCCGAACGCC-1,49,2
CGAACGCCGGCTGAGC-1,49,3
CGAACGCCCCGATTCC-1,49,4
CGAACGCCACCGCCAA-1,49,5
CGAACGCCCCAGTTCC-1,49,6
CGAACGCCACTTAACC-1,49,7
CGAACGCCCAACCGCT-1,49,8
CGAACGCCGACCTTGA-1,49,9
CGAACGCCTAGAGTAA-1,49,10
CGAACGCCGCAGGTCC-1,49,11
CGAACGCCTCGGCCTT-1,49,12
CGAACGCCAGAACGTC-1,49,13
CGAACGCCCTTGCGCC-1,49,14
CGAACGCCGGTACTGC-1,49,15
CGAACGCCTAGAATTA-1,49,16
CGAACGCCGCCATTCT-1,49,17
CGAACGCCTTGACTTC-1,49,18
CGAACGCCAGAGCTAT-1,49,19
CGAACGCCCTAAGAGA-1,49,20
CGAACGCCACTCAATA-1,49,21
CGAACGCCTCCTACCA-1,49,22
CGAACGCCGCGTTGGA-1,49,23
CGAACGCCGATCTTAC-1,49,24
CGAACGCCCTGATGGT-1,49,25
CGAACGCCCCGAGAAT-1,49,26
CGAACGCCGCCGCAAC-1,49,27
CGAACGCCTGAGTCTG-1,49,28
CGAACGCCTGCGGACC-1,49,29
CGAACGCCACGGAGGC-1,49,30
CGAACGCCTAGATCTA-1,49,31
CGAACGCCAATTAAGA-1,49,32
CGAACGCCTTATTCAT-1,49,33
CGAACGCCTGCCGGCA-1,49,34
CGAACGCCTTACCGAG-1,49,35
CGAACGCCATCATATT-1,49,36
CGAACGCCTGGTCAGC-1,49,37
CGAACGCCACTATGCA-1,49,38
CGAACGCCCGACGCGA-1,49,39
CGAACGCCGATACGGA-1,49,40
CGAACGCCTTATCCGG-1,49,41
CGAACGCCTCTGATAC-1,49,42
CGAACGCCGAAGATCG-1,49,43
CGAACGCCAAGAAGCT-1,49,44
CGAACGCCTCCGGCCT-1,49,45
CGAACGCCAGAGAAGG-1,49,46
CGAACGCCCATACTCC-1,49,47
CGAACGCCGCTAACTT-1,49,48
CGAACGCCGGTATGCT-1,49,49
CGAACGCCAACCTGCG-1,49,50
ATAAGGAGATAAGGAG-1,50,1
ATAAGGAGCGAACGCC-1,50,2
ATAAGGAGGGCTGAGC-1,50,3
ATAAGGAGCCGATTCC-1,50,4
ATAAGGAGACCGCCAA-1,50,5
ATAAGGAGCCAGTTCC-1,50,6
ATAAGGAGACTTAACC-1,50,7
ATAAGGAGCAACCGCT-1,50,8
ATAAGGAGGACCTTGA-1,50,9
ATAAGGAGTAGAGTAA-1,50,10
ATAAGGAGGCAGGTCC-1,50,11
ATAAGGAGTCGGCCTT-1,50,12
ATAAGGAGAGAACGTC-1,50,13
ATAAGGAGCTTGCGCC-1,50,14
ATAAGGAGGGTACTGC-1,50,15
ATAAGGAGTAGAATTA-1,50,16
ATAAGGAGGCCATTCT-1,50,17
ATAAGGAGTTGACTTC-1,50,18
ATAAGGAGAGAGCTAT-1,50,19
ATAAGGAGCTAAGAGA-1,50,20
ATAAGGAGACTCAATA-1,50,21
ATAAGGAGTCCTACCA-1,50,22
ATAAGGAGGCGTTGGA-1,50,23
ATAAGGAGGATCTTAC-1,50,24
ATAAGGAGCTGATGGT-1,50,25
ATAAGGAGCCGAGAAT-1,50,26
ATAAGGAGGCCGCAAC-1,50,27
ATAAGGAGTGAGTCTG-1,50,28
ATAAGGAGTGCGGACC-1,50,29
ATAAGGAGACGGAGGC-1,50,30
ATAAGGAGTAGATCTA-1,50,31
ATAAGGAGAATTAAGA-1,50,32
ATAAGGAGTTATTCAT-1,50,33
ATAAGGAGTGCCGGCA-1,50,34
ATAAGGAGTTACCGAG-1,50,35
ATAAGGAGATCATATT-1,50,36
ATAAGGAGTGGTCAGC-1,50,37
ATAAGGAGACTATGCA-1,50,38
ATAAGGAGCGACGCGA-1,50,39
ATAAGGAGGATACGGA-1,50,40
ATAAGGAGTTATCCGG-1,50,41
ATAAGGAGTCTGATAC-1,50,42
ATAAGGAGGAAGATCG-1,50,43
ATAAGGAGAAGAAGCT-1,50,44
ATAAGGAGTCCGGCCT-1,50,45
ATAAGGAGAGAGAAGG-1,50,46
ATAAGGAGCATACTCC-1,50,47
ATAAGGAGGCTAACTT-1,50,48
ATAAGGAGGGTATGCT-1,50,49
ATAAGGAGAACCTGCG-1,50,50
